Marital.status,Application.mode,Application.order,Course,Daytime.evening.attendance,Previous.qualification,Mother.s.qualification,Mother.s.occupation,Displaced,Debtor,Tuition.fees.up.to.date,Gender,Scholarship.holder,Age.at.enrollment,Curricular.units.1st.sem..enrolled.,Curricular.units.2nd.sem..enrolled.,Target
1,8,5,2,1,1,13,6,1,0,1,1,0,20,0,0,Dropout
1,6,1,11,1,1,1,4,1,0,0,1,0,19,6,6,Non-Dropout
1,1,5,5,1,1,22,10,1,0,0,1,0,19,6,6,Dropout
1,8,2,15,1,1,23,6,1,0,1,0,0,20,6,6,Non-Dropout
2,12,1,3,0,1,22,10,0,0,1,0,0,45,6,6,Non-Dropout
2,12,1,17,0,12,22,10,0,1,1,1,0,50,5,5,Non-Dropout
1,1,1,12,1,1,13,8,1,0,1,0,1,18,7,8,Non-Dropout
1,9,4,11,1,1,22,10,1,0,0,1,0,22,5,5,Dropout
1,1,3,10,1,1,1,10,0,0,1,0,1,21,6,6,Non-Dropout
1,1,1,10,1,1,1,5,1,1,0,0,0,18,6,6,Dropout
1,1,1,14,1,1,23,6,1,0,1,0,0,18,6,6,Non-Dropout
1,1,1,12,1,1,13,10,1,0,1,0,1,18,8,8,Non-Dropout
1,1,2,16,1,1,13,5,1,0,1,0,0,19,6,6,Dropout
1,17,1,11,1,16,1,5,1,0,1,0,1,21,6,6,Non-Dropout
1,1,1,6,1,1,23,6,1,0,1,0,1,18,5,5,Non-Dropout
1,1,1,15,1,1,13,10,1,0,1,0,0,20,6,6,Dropout
1,9,1,10,1,1,13,6,1,0,1,0,0,18,6,6,Non-Dropout
1,8,2,12,1,1,13,6,1,0,1,0,0,18,7,8,Non-Dropout
1,1,1,8,1,1,3,4,1,0,1,0,0,20,5,5,Non-Dropout
1,1,1,16,1,1,13,8,1,0,1,0,0,18,7,7,Non-Dropout
1,1,3,2,1,1,1,10,0,0,1,0,1,21,0,0,Non-Dropout
1,9,4,13,1,1,1,5,1,0,1,0,0,20,7,8,Non-Dropout
1,1,4,12,1,1,13,2,1,0,1,0,0,18,8,8,Non-Dropout
1,1,4,14,1,1,1,5,1,0,1,0,1,19,6,6,Non-Dropout
1,1,1,12,1,1,13,4,0,0,1,0,0,19,7,8,Non-Dropout
1,1,1,10,1,1,13,10,1,1,1,0,1,18,6,6,Non-Dropout
1,8,2,10,1,1,13,8,1,0,1,0,0,21,6,6,Non-Dropout
1,1,1,6,1,1,13,4,1,0,1,0,0,18,5,5,Non-Dropout
1,1,1,9,1,1,13,10,1,0,1,0,0,20,5,5,Non-Dropout
1,8,2,12,1,1,3,2,1,0,1,1,0,19,7,7,Non-Dropout
1,15,1,4,1,14,4,5,0,0,1,1,0,21,6,6,Non-Dropout
1,16,1,5,1,1,27,16,1,0,1,1,0,20,6,6,Non-Dropout
1,1,1,9,1,1,1,5,0,0,0,1,0,18,5,5,Non-Dropout
1,9,1,3,0,1,13,10,1,0,1,0,0,19,6,6,Non-Dropout
1,1,1,17,0,1,2,4,0,0,1,1,0,34,5,5,Non-Dropout
1,12,1,1,1,1,23,10,0,1,0,1,0,37,7,7,Dropout
1,12,1,7,1,8,19,1,1,0,1,1,0,43,5,5,Dropout
1,14,1,9,1,1,22,7,0,0,1,0,0,55,5,5,Dropout
4,12,1,17,0,1,13,10,1,0,1,0,0,39,5,5,Non-Dropout
1,15,1,8,1,14,4,4,0,1,0,0,0,20,6,6,Dropout
1,1,5,15,1,1,3,3,0,1,1,0,0,18,6,5,Dropout
1,1,2,9,1,1,3,3,1,0,1,0,0,22,5,5,Non-Dropout
1,1,6,12,1,1,1,3,1,0,1,0,0,22,7,8,Non-Dropout
1,8,1,15,1,1,1,6,0,0,0,0,0,20,6,6,Dropout
1,12,1,17,0,1,22,10,0,0,1,0,0,29,5,5,Dropout
1,8,1,17,0,1,23,5,0,0,1,0,0,24,5,5,Non-Dropout
1,8,2,10,1,1,13,10,1,0,1,0,0,18,6,6,Non-Dropout
1,8,6,12,1,1,22,8,1,0,1,0,1,22,7,8,Non-Dropout
1,15,1,3,0,14,1,10,0,0,1,0,1,21,6,6,Non-Dropout
1,1,1,10,1,1,22,10,0,0,1,0,1,19,6,6,Non-Dropout
1,12,1,11,1,1,13,10,0,0,1,0,1,24,6,6,Non-Dropout
1,1,1,12,1,1,22,7,1,0,1,0,1,19,8,8,Non-Dropout
1,1,1,15,1,1,1,8,1,0,1,0,1,20,6,6,Non-Dropout
1,1,3,8,1,1,22,12,0,0,1,0,0,19,5,5,Non-Dropout
1,12,1,17,0,1,23,10,0,0,1,0,0,27,5,5,Dropout
1,1,1,12,1,1,1,6,1,0,1,0,0,18,7,8,Non-Dropout
2,4,1,11,1,3,1,5,0,0,1,0,0,39,6,6,Dropout
1,12,1,8,1,15,3,3,1,0,1,0,0,27,6,11,Dropout
1,8,1,12,1,1,23,8,1,0,1,0,0,18,8,8,Non-Dropout
1,1,3,2,1,1,23,5,1,0,1,0,0,18,0,0,Non-Dropout
1,1,2,12,1,1,13,10,0,0,1,0,0,18,7,8,Non-Dropout
1,15,1,10,1,14,13,10,0,0,1,0,1,21,6,6,Non-Dropout
1,8,3,2,1,1,1,5,1,0,1,1,1,19,0,0,Non-Dropout
1,8,1,5,1,1,1,4,1,0,1,1,0,19,6,6,Non-Dropout
1,14,1,5,1,1,1,4,0,0,1,1,0,24,6,6,Non-Dropout
4,13,1,12,1,12,1,6,1,0,1,1,0,29,7,8,Dropout
1,1,3,2,1,1,13,6,1,0,1,1,1,19,0,0,Non-Dropout
1,15,1,4,1,14,13,10,1,0,1,1,0,23,6,6,Non-Dropout
1,1,3,9,1,1,1,8,0,1,1,1,0,19,5,5,Dropout
1,12,1,11,1,1,13,8,0,0,1,1,0,26,6,6,Non-Dropout
1,8,1,9,1,1,23,6,0,0,1,1,0,18,5,5,Non-Dropout
1,8,1,12,1,1,22,9,0,0,1,1,0,24,7,8,Non-Dropout
1,1,1,2,1,1,13,6,1,0,1,1,0,19,0,0,Dropout
1,8,4,11,1,1,23,6,1,0,1,1,0,18,6,6,Dropout
1,1,2,15,1,1,23,10,1,0,1,1,0,18,6,6,Non-Dropout
1,8,3,9,1,1,13,5,1,1,1,1,0,18,5,5,Dropout
1,9,4,11,1,1,13,8,1,0,1,1,1,21,6,6,Dropout
1,8,4,15,1,1,1,10,1,1,1,1,1,19,6,6,Non-Dropout
1,8,4,12,1,1,23,10,0,0,1,1,1,22,7,8,Non-Dropout
2,12,1,3,0,1,22,10,0,0,1,1,0,33,6,6,Non-Dropout
1,1,6,16,1,1,13,10,1,0,1,1,0,20,6,6,Dropout
1,12,1,17,0,2,3,3,1,0,1,1,0,35,1,5,Dropout
1,12,1,4,1,4,3,5,0,1,1,1,0,24,12,12,Dropout
1,8,1,11,1,1,13,5,0,0,1,1,0,18,5,5,Non-Dropout
2,12,1,3,0,1,22,10,1,0,1,0,0,33,6,6,Non-Dropout
1,13,1,12,1,1,22,10,1,0,1,0,1,22,8,8,Non-Dropout
1,12,1,14,1,1,1,5,0,0,1,0,1,25,5,5,Non-Dropout
1,8,1,5,1,1,13,5,1,0,1,1,0,20,6,6,Non-Dropout
1,1,6,9,1,1,23,10,1,0,1,1,0,23,5,5,Non-Dropout
1,14,2,7,1,1,23,10,1,1,1,1,0,18,5,5,Non-Dropout
1,12,1,12,1,1,1,5,0,0,1,1,0,24,7,7,Dropout
1,8,2,15,1,1,13,10,1,0,0,0,0,21,6,6,Non-Dropout
1,6,1,8,1,1,1,5,0,0,1,0,0,26,6,6,Dropout
2,12,1,16,1,8,22,1,0,0,1,0,0,39,6,6,Dropout
2,12,1,3,0,1,22,10,0,0,1,0,0,44,8,6,Non-Dropout
1,6,1,7,1,1,23,10,1,0,1,1,0,19,5,5,Non-Dropout
1,1,5,15,1,1,22,6,1,0,1,0,0,18,6,6,Non-Dropout
1,1,5,12,1,1,22,8,1,0,1,0,1,18,7,8,Non-Dropout
1,1,1,6,1,1,1,10,1,0,1,0,0,19,5,5,Non-Dropout
1,1,4,12,1,1,3,3,1,1,0,0,0,19,7,7,Dropout
1,17,1,6,1,16,23,10,0,0,1,0,0,21,10,9,Dropout
1,1,4,2,1,1,1,10,1,0,1,0,0,20,0,0,Non-Dropout
2,12,1,3,0,1,22,7,1,0,1,0,0,36,6,6,Dropout
4,12,1,4,1,9,22,10,0,0,1,0,0,43,18,13,Non-Dropout
1,9,1,16,1,1,13,10,1,0,1,0,0,19,6,6,Dropout
1,16,1,5,1,1,3,3,0,1,1,0,0,20,10,11,Non-Dropout
1,1,2,10,1,1,22,5,1,0,1,0,0,19,6,6,Dropout
1,1,1,6,1,1,1,5,1,0,1,0,0,20,6,6,Dropout
1,1,5,12,1,1,3,5,1,0,1,0,0,20,7,7,Dropout
1,8,2,16,1,1,13,10,1,0,1,0,0,20,7,7,Non-Dropout
1,1,1,10,1,1,22,7,1,0,1,0,0,18,6,6,Non-Dropout
1,8,2,9,1,1,1,5,1,0,1,0,1,18,5,5,Non-Dropout
1,1,1,6,1,1,13,10,1,0,1,0,0,19,5,5,Non-Dropout
1,1,3,15,1,1,1,5,1,0,1,0,0,18,6,6,Non-Dropout
1,8,2,12,1,1,22,10,1,0,1,0,0,18,7,7,Dropout
1,14,1,12,1,1,23,10,0,0,1,0,0,20,7,7,Non-Dropout
1,8,1,10,1,1,13,10,1,0,1,0,1,20,6,6,Non-Dropout
1,8,1,9,1,1,13,4,0,0,1,0,0,20,5,5,Non-Dropout
1,1,2,6,1,1,22,10,0,0,1,0,0,18,5,5,Non-Dropout
1,1,1,9,1,1,2,5,0,0,1,0,0,18,5,5,Non-Dropout
1,8,1,11,1,1,1,5,1,0,1,0,0,21,6,6,Dropout
1,1,2,9,1,1,13,10,1,0,1,0,0,19,5,5,Non-Dropout
1,1,1,2,1,1,3,3,0,0,1,0,0,19,0,0,Dropout
1,1,1,14,1,1,23,10,0,0,1,0,1,19,5,5,Non-Dropout
1,1,1,6,1,1,13,5,1,0,1,0,0,19,6,6,Non-Dropout
1,8,6,13,1,1,1,5,1,0,1,0,0,19,7,7,Dropout
1,15,1,6,1,14,22,10,1,0,1,0,0,20,6,6,Non-Dropout
1,1,1,16,1,1,13,10,1,0,1,0,1,18,6,6,Non-Dropout
1,8,3,10,1,1,1,6,1,0,1,0,0,18,6,6,Non-Dropout
1,8,6,12,1,1,1,9,1,0,1,0,0,19,7,8,Non-Dropout
1,1,3,12,1,1,13,6,1,0,1,0,1,18,7,8,Dropout
1,8,2,5,1,1,22,10,1,0,1,0,0,18,6,6,Non-Dropout
1,1,4,9,1,1,1,5,1,0,1,0,0,19,5,5,Non-Dropout
1,8,6,12,1,1,1,4,1,0,1,0,0,19,7,7,Dropout
1,14,1,10,1,1,23,10,0,0,1,0,0,20,9,7,Non-Dropout
1,1,1,14,1,1,1,4,0,1,0,0,1,19,6,6,Dropout
1,8,1,14,1,1,13,6,1,0,1,0,0,20,5,5,Non-Dropout
1,1,1,15,1,1,1,20,0,1,1,0,1,18,6,6,Non-Dropout
1,1,2,12,1,1,13,5,0,0,1,0,1,20,7,8,Non-Dropout
1,9,1,12,1,1,13,5,0,0,1,0,0,18,7,8,Non-Dropout
1,1,5,12,1,1,22,10,1,0,1,0,0,19,7,7,Non-Dropout
1,1,6,15,1,1,13,5,1,0,1,0,1,19,6,6,Non-Dropout
1,16,1,9,1,1,3,4,1,1,0,0,0,22,5,5,Non-Dropout
1,1,3,10,1,1,1,10,1,0,1,0,1,19,6,6,Non-Dropout
1,1,3,12,1,1,13,10,1,0,1,0,1,19,7,8,Non-Dropout
1,8,5,16,1,1,22,6,1,0,1,0,1,19,6,6,Non-Dropout
1,1,4,11,1,1,10,10,1,0,1,0,0,19,5,5,Dropout
1,8,1,11,1,1,1,10,1,0,1,0,0,20,6,6,Dropout
1,1,1,9,1,1,3,3,0,0,1,0,0,18,5,5,Non-Dropout
1,1,1,12,1,1,1,10,0,0,1,0,1,20,7,8,Non-Dropout
1,1,1,2,1,1,3,3,1,0,1,0,0,18,0,0,Non-Dropout
1,1,1,6,1,1,1,5,0,0,1,0,0,19,5,5,Non-Dropout
1,8,1,16,1,1,23,8,1,0,1,0,0,18,6,6,Non-Dropout
1,1,1,16,1,1,22,10,1,0,1,0,0,18,6,6,Non-Dropout
1,14,1,16,1,1,3,3,1,0,1,0,0,21,6,6,Dropout
1,1,1,16,1,1,23,7,0,0,1,0,0,19,6,6,Dropout
1,1,1,9,1,1,23,10,0,0,1,0,1,18,5,5,Non-Dropout
1,8,2,10,1,1,1,8,1,0,1,0,1,18,6,6,Non-Dropout
1,1,3,10,1,1,13,10,1,0,1,0,0,20,6,6,Non-Dropout
1,12,1,3,0,1,1,7,0,0,1,0,1,24,6,6,Non-Dropout
1,1,1,14,1,1,13,5,0,0,1,0,0,19,6,6,Dropout
1,1,1,12,1,1,13,10,1,0,1,0,1,18,7,8,Non-Dropout
1,1,2,12,1,1,13,10,1,0,1,0,0,18,7,8,Non-Dropout
1,8,5,16,1,1,10,5,1,0,1,0,0,21,6,6,Dropout
1,8,2,14,1,1,1,6,0,0,1,0,0,19,5,5,Non-Dropout
1,8,1,15,1,1,13,8,0,0,1,0,1,19,6,6,Non-Dropout
3,12,1,4,1,1,1,7,0,1,1,0,0,47,1,6,Non-Dropout
1,8,3,10,1,1,13,8,0,0,1,0,0,19,6,6,Non-Dropout
1,12,1,12,1,3,2,2,0,0,1,0,0,29,8,8,Non-Dropout
1,14,1,10,1,1,13,5,1,0,1,0,0,21,6,6,Dropout
1,12,1,6,1,1,22,10,1,0,1,0,0,28,5,5,Non-Dropout
1,8,2,13,1,1,22,4,0,0,1,0,0,20,7,8,Non-Dropout
1,8,1,12,1,1,2,5,1,0,1,0,0,19,7,7,Non-Dropout
1,13,1,3,0,1,13,5,0,0,1,0,0,26,6,6,Non-Dropout
1,8,2,11,1,1,22,10,1,1,0,0,0,20,6,6,Dropout
1,1,1,14,1,1,22,10,1,0,1,0,1,18,5,5,Non-Dropout
1,12,1,16,1,1,22,10,0,0,1,0,0,27,6,6,Non-Dropout
1,1,2,12,1,1,19,12,1,0,1,0,0,20,7,7,Dropout
1,1,5,16,1,1,22,10,1,0,1,0,0,18,6,6,Dropout
1,4,1,12,1,3,1,10,0,0,1,0,0,33,7,8,Dropout
1,14,1,16,1,1,3,4,1,0,1,0,0,35,21,19,Non-Dropout
1,15,1,17,0,14,22,10,0,0,1,0,1,26,6,6,Non-Dropout
1,12,1,15,1,12,13,4,0,1,0,0,0,27,6,6,Dropout
1,9,3,5,1,1,1,6,1,0,0,0,0,19,6,6,Dropout
1,8,2,11,1,1,1,5,0,0,1,0,0,20,6,6,Dropout
1,9,2,9,1,1,3,6,1,1,0,0,0,20,5,5,Dropout
1,14,1,10,1,1,1,6,0,1,0,0,0,21,10,6,Non-Dropout
1,8,3,12,1,1,23,10,1,0,1,0,1,18,7,7,Non-Dropout
1,12,1,6,1,1,1,10,1,0,1,0,0,24,6,6,Dropout
1,8,4,5,1,1,1,5,1,0,1,0,0,20,6,6,Non-Dropout
1,1,1,11,1,1,13,10,0,0,1,0,1,21,6,6,Non-Dropout
1,1,1,3,0,1,1,8,0,0,1,0,0,23,6,5,Non-Dropout
1,12,1,9,1,1,10,5,1,0,1,0,0,24,5,5,Dropout
1,16,1,16,1,1,1,5,0,0,1,0,0,21,6,6,Dropout
1,1,4,12,1,1,23,10,1,0,1,0,0,18,8,8,Non-Dropout
1,12,1,17,0,15,13,4,1,0,1,0,0,27,5,5,Dropout
1,9,6,12,1,1,22,6,1,0,1,0,0,18,8,8,Non-Dropout
1,4,1,7,1,3,3,3,0,0,1,0,0,35,5,5,Dropout
1,1,1,16,1,1,13,4,0,0,1,0,0,18,7,7,Non-Dropout
1,12,1,12,1,1,1,28,0,0,1,0,0,35,3,3,Non-Dropout
1,1,1,6,1,1,1,5,1,0,1,0,0,19,5,5,Non-Dropout
1,1,4,10,1,1,13,5,1,0,1,0,0,20,6,6,Non-Dropout
1,1,4,12,1,1,13,8,1,0,1,0,0,18,8,8,Non-Dropout
1,15,1,10,1,14,23,6,0,1,1,0,0,21,6,6,Non-Dropout
1,8,2,10,1,1,13,10,0,0,1,0,1,18,6,6,Non-Dropout
1,1,1,10,1,1,19,1,1,0,1,0,0,18,6,6,Non-Dropout
1,1,2,12,1,1,13,10,1,0,1,0,0,18,8,8,Non-Dropout
1,1,4,15,1,1,3,2,1,0,1,0,1,18,6,6,Non-Dropout
1,1,1,6,1,1,13,9,1,0,1,0,0,19,6,6,Non-Dropout
1,12,1,11,1,12,3,3,0,0,1,0,1,36,6,6,Dropout
1,1,2,12,1,1,23,8,1,0,1,0,1,18,8,8,Non-Dropout
1,1,1,12,1,1,22,10,0,0,1,0,1,18,7,7,Non-Dropout
1,14,1,8,1,1,1,10,1,0,1,0,1,20,6,6,Non-Dropout
1,12,1,17,0,1,22,10,0,0,1,0,1,26,5,5,Dropout
1,14,1,15,1,1,1,5,0,0,1,0,0,21,6,6,Non-Dropout
1,12,1,13,1,15,1,5,0,0,1,0,0,25,7,8,Non-Dropout
1,9,1,9,1,1,13,6,1,0,1,0,1,19,5,5,Non-Dropout
1,12,1,3,0,1,13,9,1,0,1,0,0,24,6,6,Dropout
1,12,1,3,0,1,1,6,0,0,1,0,1,27,6,6,Dropout
1,8,1,6,1,1,13,2,0,0,1,0,0,21,5,5,Dropout
1,1,1,9,1,1,23,8,0,0,1,0,1,18,5,5,Non-Dropout
2,1,4,16,1,1,22,6,0,0,1,0,1,19,6,6,Non-Dropout
1,1,3,11,1,1,1,4,1,0,1,0,0,18,6,6,Dropout
1,16,1,12,1,1,13,6,0,0,1,0,1,19,7,8,Non-Dropout
1,9,1,12,1,1,1,5,1,0,1,0,1,19,7,8,Non-Dropout
2,4,1,17,0,17,25,4,0,0,1,0,0,33,6,5,Non-Dropout
2,4,1,9,1,3,1,4,0,0,1,0,0,45,5,5,Non-Dropout
1,1,1,10,1,1,1,10,0,0,1,0,1,20,6,6,Non-Dropout
1,12,2,14,1,1,19,1,1,0,1,0,0,28,5,5,Dropout
1,14,1,12,1,1,1,6,1,0,1,0,1,19,8,8,Non-Dropout
1,1,2,11,1,1,1,5,1,0,1,0,0,18,6,6,Non-Dropout
1,12,1,11,1,3,13,5,0,0,1,0,0,38,6,6,Dropout
1,1,2,14,1,1,1,5,0,0,1,0,0,19,5,5,Non-Dropout
1,1,1,11,1,1,1,10,0,0,1,0,1,21,6,6,Non-Dropout
1,1,1,9,1,1,22,10,0,0,1,0,0,21,5,5,Dropout
1,1,1,10,1,1,23,10,0,0,1,0,1,22,6,6,Non-Dropout
1,1,1,16,1,1,13,6,0,0,1,0,1,18,6,6,Non-Dropout
1,8,2,10,1,1,22,4,0,0,1,0,1,18,6,6,Non-Dropout
1,1,1,8,1,1,13,10,1,0,0,0,0,25,5,5,Dropout
1,12,1,6,1,12,13,10,0,1,0,0,0,24,6,6,Dropout
1,1,3,12,1,1,3,5,1,0,1,0,0,19,7,7,Non-Dropout
1,7,1,2,1,1,3,4,1,0,1,0,0,24,17,13,Non-Dropout
1,1,2,9,1,1,22,6,1,0,1,0,1,20,5,5,Non-Dropout
1,12,1,9,1,1,22,10,0,0,0,0,0,25,5,5,Dropout
1,1,1,9,1,1,23,10,0,0,1,0,1,20,10,10,Non-Dropout
1,4,1,12,1,3,13,6,0,0,1,0,0,23,8,8,Non-Dropout
1,8,3,12,1,1,13,8,1,0,1,0,1,19,8,8,Non-Dropout
1,15,1,4,1,14,22,10,0,1,0,0,0,29,6,6,Dropout
1,1,3,11,1,1,13,5,1,0,1,0,0,21,6,6,Non-Dropout
1,1,1,14,1,1,13,10,1,0,1,0,1,18,6,6,Non-Dropout
1,1,3,5,1,1,13,10,1,0,1,0,0,19,6,6,Non-Dropout
1,1,3,15,1,1,23,8,1,0,1,0,1,18,6,6,Dropout
1,1,1,6,1,1,7,12,0,0,1,0,0,19,5,5,Non-Dropout
1,1,1,15,1,1,22,10,1,0,1,0,0,18,6,6,Non-Dropout
1,8,1,9,1,1,1,5,0,0,1,0,0,18,5,5,Non-Dropout
2,12,1,13,1,12,23,8,1,1,0,0,1,37,7,7,Dropout
1,8,1,17,0,15,22,7,0,0,1,0,0,29,5,5,Non-Dropout
1,8,3,5,1,1,22,10,0,0,1,0,0,18,6,6,Non-Dropout
1,1,1,10,1,1,1,10,1,0,1,0,1,19,6,6,Non-Dropout
1,14,1,10,1,1,1,4,1,1,0,0,0,22,10,7,Dropout
1,1,1,11,1,1,22,10,0,0,1,0,1,20,6,6,Non-Dropout
1,12,1,3,0,1,22,13,0,0,1,0,0,34,6,6,Dropout
1,14,1,7,1,1,22,10,0,1,0,0,0,30,12,12,Dropout
1,1,1,10,1,1,1,5,0,0,1,0,0,18,6,6,Non-Dropout
1,1,1,10,1,1,23,10,0,0,1,0,0,18,6,6,Non-Dropout
1,1,2,15,1,1,3,2,1,0,1,0,0,18,6,6,Non-Dropout
1,8,4,12,1,1,4,3,1,0,1,0,0,18,8,8,Non-Dropout
1,1,2,15,1,1,23,10,1,0,1,0,1,19,6,6,Non-Dropout
1,1,1,5,1,1,22,10,1,0,1,0,1,19,6,6,Non-Dropout
1,1,5,12,1,1,1,10,0,0,1,0,1,18,8,8,Non-Dropout
1,15,1,4,1,14,22,5,0,0,1,0,1,21,6,6,Non-Dropout
1,1,2,9,1,1,1,10,1,0,0,0,0,20,5,5,Dropout
1,8,1,9,1,1,10,5,1,0,1,0,0,20,5,5,Non-Dropout
1,1,1,12,1,1,5,3,0,0,1,0,0,19,7,8,Non-Dropout
1,1,1,10,1,1,1,5,0,0,1,0,0,20,6,6,Non-Dropout
1,8,3,12,1,1,10,5,1,0,1,0,0,18,7,8,Non-Dropout
1,13,1,16,1,1,22,4,0,0,1,0,0,20,6,6,Dropout
2,4,1,8,1,3,5,3,0,1,0,0,0,29,9,7,Dropout
1,1,1,12,1,1,13,6,0,0,1,0,1,18,7,8,Non-Dropout
1,1,1,12,1,1,13,6,1,0,1,0,1,20,7,8,Non-Dropout
1,7,2,9,1,1,23,10,1,0,1,0,1,22,5,5,Non-Dropout
4,1,1,3,0,1,24,5,1,0,1,0,1,47,6,6,Non-Dropout
2,16,1,17,0,1,22,9,0,0,1,0,0,31,5,5,Non-Dropout
1,1,1,5,1,1,13,8,0,0,1,0,1,21,6,6,Non-Dropout
1,1,1,3,0,1,23,1,0,0,1,0,0,21,6,6,Non-Dropout
2,12,1,15,1,9,1,5,0,0,1,0,0,24,6,6,Non-Dropout
1,8,1,5,1,1,4,3,0,0,1,0,0,18,6,6,Non-Dropout
1,12,1,3,0,11,19,12,0,0,1,0,0,32,6,6,Non-Dropout
1,9,2,3,0,1,3,4,1,0,1,0,1,19,6,6,Non-Dropout
1,12,1,12,1,1,3,2,1,0,1,0,0,24,8,8,Non-Dropout
1,8,4,6,1,1,13,5,1,0,1,0,0,19,6,6,Non-Dropout
1,15,1,4,1,14,13,7,0,1,1,0,1,19,6,6,Non-Dropout
1,15,1,4,1,14,22,10,0,0,1,0,0,24,6,6,Non-Dropout
1,8,4,10,1,1,13,29,1,0,1,0,1,18,6,6,Non-Dropout
1,1,1,5,1,1,23,4,1,0,1,0,1,19,6,6,Dropout
2,1,1,12,1,1,3,3,0,0,1,0,1,19,8,8,Non-Dropout
1,8,2,15,1,1,13,10,1,0,1,0,1,18,6,6,Non-Dropout
1,1,1,10,1,1,1,4,1,0,1,0,0,18,6,6,Non-Dropout
1,8,4,13,1,1,1,5,1,0,1,0,0,20,7,8,Non-Dropout
1,1,1,12,1,1,13,6,0,0,1,0,0,18,8,8,Non-Dropout
1,8,4,14,1,1,23,10,1,0,1,0,0,18,6,6,Non-Dropout
1,1,2,6,1,1,23,10,1,0,1,0,1,21,5,5,Non-Dropout
1,1,1,12,1,1,13,5,0,0,1,0,1,18,7,8,Non-Dropout
1,16,1,14,1,1,13,6,0,1,0,0,0,18,5,5,Dropout
1,8,2,10,1,1,1,5,1,0,1,0,0,19,6,6,Dropout
1,1,1,14,1,1,1,5,1,0,1,0,0,19,6,6,Non-Dropout
1,8,4,14,1,1,1,6,1,0,1,0,0,18,6,6,Non-Dropout
1,12,1,8,1,3,3,12,1,0,1,0,0,34,5,5,Dropout
1,1,3,6,1,1,9,12,0,0,1,0,0,19,5,5,Non-Dropout
1,15,1,8,1,14,22,8,1,1,0,0,0,19,6,6,Dropout
1,16,1,10,1,1,3,3,0,1,1,0,0,26,6,6,Non-Dropout
1,8,1,16,1,1,19,1,1,0,1,0,0,21,6,6,Dropout
1,8,2,9,1,1,13,5,0,0,1,0,1,18,5,5,Non-Dropout
1,8,4,16,1,1,23,6,1,0,1,0,1,20,6,6,Non-Dropout
1,16,1,9,1,1,1,5,0,0,1,0,0,25,5,5,Dropout
1,1,1,9,1,1,1,5,0,0,1,0,0,18,5,5,Non-Dropout
1,1,1,12,1,1,13,4,1,0,1,0,1,18,7,8,Non-Dropout
1,1,1,12,1,1,26,4,0,0,1,0,0,19,7,8,Non-Dropout
1,1,1,10,1,1,13,6,0,0,1,0,1,18,6,6,Non-Dropout
1,8,1,12,1,1,23,8,0,0,1,0,0,20,7,8,Non-Dropout
1,4,1,6,1,15,13,10,0,1,0,0,0,26,3,6,Dropout
1,13,1,12,1,1,22,8,1,0,1,0,1,19,8,8,Non-Dropout
1,1,1,12,1,1,1,6,0,0,1,0,0,19,7,8,Non-Dropout
1,14,4,9,1,1,22,10,0,0,1,0,0,19,10,10,Non-Dropout
1,3,3,6,1,1,1,8,1,0,1,0,0,19,5,5,Non-Dropout
1,1,1,11,1,1,13,6,1,0,1,0,0,18,6,6,Non-Dropout
1,14,1,12,1,6,1,10,1,0,1,0,0,19,7,7,Non-Dropout
1,1,1,10,1,1,1,10,0,1,1,0,0,18,6,6,Non-Dropout
1,1,1,16,1,1,2,5,1,0,1,0,0,18,6,6,Non-Dropout
1,1,1,6,1,1,13,10,1,0,1,0,0,18,5,5,Non-Dropout
1,1,1,16,1,1,1,10,1,0,1,0,0,18,7,7,Non-Dropout
1,15,1,7,1,14,13,5,0,1,1,0,0,26,5,5,Dropout
1,1,1,10,1,1,23,8,1,0,1,0,0,20,6,6,Non-Dropout
1,1,1,3,0,1,22,10,0,0,1,0,0,19,6,6,Non-Dropout
1,1,1,10,1,1,19,5,1,0,1,0,1,18,6,6,Non-Dropout
1,15,1,10,1,14,23,8,0,0,1,0,0,19,6,6,Non-Dropout
1,4,1,16,1,15,26,3,0,1,1,0,0,40,7,7,Non-Dropout
1,1,4,12,1,1,23,8,1,0,1,0,1,18,8,8,Non-Dropout
1,8,1,10,1,1,3,10,0,0,1,0,0,19,6,6,Non-Dropout
1,8,1,8,1,1,2,4,0,0,1,0,0,18,5,5,Non-Dropout
1,1,1,6,1,1,1,4,1,0,1,0,0,19,5,5,Non-Dropout
1,1,1,2,1,1,3,3,1,0,1,0,0,18,0,0,Dropout
2,12,1,3,0,1,22,10,1,0,1,0,0,33,6,6,Non-Dropout
1,12,1,4,1,3,3,2,0,0,1,0,0,35,6,6,Non-Dropout
1,13,1,9,1,1,22,10,1,0,1,0,0,26,5,5,Non-Dropout
1,1,1,15,1,1,13,8,1,0,1,0,0,18,6,6,Non-Dropout
1,14,1,10,1,1,22,10,0,0,1,0,0,36,16,13,Non-Dropout
4,12,1,17,0,1,22,7,0,0,1,0,0,39,5,5,Non-Dropout
2,12,1,10,1,1,22,10,0,0,1,0,0,44,6,6,Non-Dropout
1,1,2,3,0,1,3,4,0,0,1,0,0,20,6,6,Non-Dropout
1,1,1,11,1,1,13,10,1,0,1,0,0,24,6,6,Dropout
1,14,1,15,1,1,13,10,0,0,1,0,1,20,6,6,Non-Dropout
1,1,4,2,1,1,1,10,1,0,0,0,0,19,0,0,Dropout
2,1,1,12,1,1,22,10,0,1,1,0,1,18,7,7,Non-Dropout
1,1,1,11,1,1,13,5,0,1,0,0,0,22,6,6,Dropout
1,8,1,6,1,1,13,5,1,0,1,0,0,18,6,6,Non-Dropout
1,12,1,12,1,12,23,10,0,0,1,0,0,24,7,8,Non-Dropout
1,12,1,17,0,1,22,12,0,0,1,0,0,33,5,5,Dropout
1,12,1,4,1,1,22,4,0,1,1,0,1,30,6,6,Non-Dropout
1,12,1,6,1,17,3,3,0,0,1,0,0,26,6,6,Dropout
1,8,4,16,1,1,13,5,1,0,1,0,0,18,6,6,Non-Dropout
1,1,1,15,1,1,22,10,0,1,1,0,0,19,6,6,Dropout
1,8,4,9,1,1,13,10,1,0,1,0,0,20,5,5,Non-Dropout
1,17,1,6,1,16,13,10,1,0,1,0,1,22,11,9,Non-Dropout
1,1,4,12,1,1,1,10,1,0,1,0,0,19,7,7,Non-Dropout
1,1,1,6,1,1,22,8,1,0,1,0,1,21,6,6,Non-Dropout
1,1,4,12,1,1,13,5,1,0,1,0,1,21,7,7,Non-Dropout
1,8,1,6,1,1,13,3,0,0,1,0,0,19,5,5,Non-Dropout
1,1,1,16,1,1,23,29,1,0,1,0,1,19,7,7,Non-Dropout
1,1,6,12,1,1,13,10,1,0,1,0,0,18,8,8,Dropout
2,14,1,3,0,1,22,10,0,0,1,0,0,50,11,7,Non-Dropout
4,12,1,17,0,1,23,10,0,0,1,0,1,31,5,5,Non-Dropout
1,8,1,15,1,1,1,5,0,0,1,0,1,19,6,6,Non-Dropout
4,12,1,17,0,1,1,20,0,0,1,0,0,35,5,5,Non-Dropout
2,12,1,6,1,12,23,5,0,0,1,0,0,31,6,6,Dropout
2,16,1,3,0,12,22,10,0,1,1,0,0,42,11,11,Non-Dropout
1,9,4,9,1,1,22,10,1,0,0,0,0,34,5,5,Dropout
1,1,1,12,1,1,1,5,1,0,1,0,1,18,7,8,Non-Dropout
1,8,1,16,1,1,3,4,1,0,0,0,1,18,7,7,Non-Dropout
1,15,1,6,1,14,22,6,1,0,1,0,0,21,6,6,Non-Dropout
4,12,1,12,1,12,23,6,0,0,1,0,1,26,7,8,Dropout
1,14,1,12,1,1,13,9,0,0,1,0,0,20,7,8,Non-Dropout
1,1,1,10,1,1,23,6,0,0,1,0,0,19,6,6,Non-Dropout
1,1,1,16,1,1,13,6,0,0,1,0,1,19,6,6,Non-Dropout
1,17,1,9,1,16,3,3,0,0,1,0,0,20,11,9,Non-Dropout
1,1,1,10,1,1,19,1,0,0,1,0,0,19,6,6,Non-Dropout
1,1,1,16,1,1,22,10,0,0,1,0,0,18,6,6,Non-Dropout
1,12,1,17,0,3,22,10,0,0,1,0,0,28,14,11,Non-Dropout
1,8,1,16,1,1,1,5,1,0,1,0,0,22,6,6,Non-Dropout
1,15,1,3,0,14,22,8,0,0,1,0,1,21,6,6,Non-Dropout
1,15,1,6,1,14,4,5,1,0,1,0,0,21,6,6,Non-Dropout
1,12,1,12,1,1,1,6,0,0,1,0,0,26,7,8,Non-Dropout
1,1,6,15,1,1,18,8,1,1,0,0,0,18,6,6,Dropout
1,8,2,6,1,1,1,10,0,0,0,0,0,20,5,5,Dropout
1,8,2,6,1,1,1,5,0,0,1,0,0,18,6,6,Non-Dropout
1,1,4,12,1,1,1,5,1,0,1,0,1,19,8,8,Non-Dropout
1,16,1,10,1,1,3,4,1,0,1,0,0,20,11,11,Non-Dropout
1,15,1,6,1,14,23,5,1,0,1,0,1,22,6,6,Non-Dropout
1,8,1,14,1,1,22,6,1,1,1,0,0,18,6,6,Dropout
1,8,1,9,1,1,23,7,1,0,1,0,0,19,5,5,Dropout
1,8,4,5,1,1,1,4,0,0,1,0,1,18,6,6,Non-Dropout
1,8,1,11,1,1,22,8,1,0,1,0,0,20,6,6,Non-Dropout
1,1,1,15,1,1,23,10,1,0,1,0,0,19,6,6,Non-Dropout
1,1,1,11,1,1,13,10,0,0,1,0,0,19,6,6,Non-Dropout
1,8,1,12,1,1,22,6,1,0,1,0,0,19,8,8,Non-Dropout
1,1,1,2,1,1,1,4,1,0,1,0,0,18,0,0,Non-Dropout
1,4,1,5,1,15,1,4,1,0,1,0,0,21,13,12,Non-Dropout
1,12,1,17,0,15,1,10,0,0,1,0,0,27,5,5,Non-Dropout
1,8,1,10,1,1,1,5,0,0,1,0,0,19,6,6,Non-Dropout
4,12,1,6,1,1,19,1,0,0,1,0,0,25,5,5,Dropout
1,1,2,12,1,1,13,8,1,0,1,0,1,18,8,8,Non-Dropout
1,12,1,12,1,3,13,5,0,0,1,0,0,24,8,8,Non-Dropout
1,1,3,12,1,1,1,5,1,0,1,0,0,20,7,8,Non-Dropout
1,4,1,17,0,15,22,7,0,0,1,0,0,26,5,5,Non-Dropout
1,1,1,10,1,1,1,10,1,0,1,0,1,20,6,6,Non-Dropout
1,1,1,6,1,1,22,12,0,0,1,0,0,18,5,5,Non-Dropout
1,1,1,6,1,1,1,10,1,0,1,0,0,19,6,6,Non-Dropout
1,1,1,16,1,1,13,10,1,0,1,0,0,23,6,6,Dropout
1,1,4,12,1,1,22,10,1,0,1,0,1,18,7,7,Non-Dropout
1,1,4,12,1,1,1,5,0,0,1,0,0,18,7,8,Dropout
1,1,1,12,1,1,2,3,0,0,1,0,1,19,7,8,Non-Dropout
1,13,1,17,0,1,1,5,0,0,1,0,0,30,7,5,Non-Dropout
1,15,1,6,1,14,1,5,1,0,1,0,0,29,6,6,Dropout
1,1,6,12,1,1,3,4,1,0,1,0,0,19,8,8,Non-Dropout
1,8,6,13,1,1,13,6,1,0,1,0,0,20,7,8,Non-Dropout
1,1,1,12,1,1,22,10,0,0,1,0,0,20,7,7,Non-Dropout
1,1,4,14,1,1,23,4,1,0,1,0,0,19,6,6,Non-Dropout
1,8,1,9,1,1,23,10,1,0,1,0,0,20,5,5,Non-Dropout
3,1,2,6,1,1,13,5,1,0,1,0,0,21,5,5,Dropout
1,8,1,14,1,1,13,5,0,0,1,0,0,19,6,6,Non-Dropout
1,1,3,12,1,1,22,10,1,0,1,0,1,18,8,8,Non-Dropout
1,12,1,3,0,1,22,8,0,0,1,0,1,27,6,6,Non-Dropout
1,8,2,9,1,1,23,7,1,0,1,0,1,19,5,5,Non-Dropout
1,1,1,12,1,1,1,12,0,0,1,0,1,19,7,7,Dropout
1,1,1,15,1,1,1,5,1,0,1,0,0,19,6,6,Non-Dropout
1,1,6,12,1,1,13,6,1,0,1,0,1,18,8,8,Non-Dropout
1,8,1,11,1,1,13,6,0,0,1,0,1,20,6,6,Non-Dropout
1,1,1,14,1,1,13,5,0,0,1,0,1,18,6,6,Non-Dropout
1,1,5,14,1,1,7,3,1,0,1,0,0,19,6,6,Dropout
2,12,1,12,1,12,22,10,1,0,1,0,0,36,7,7,Non-Dropout
1,14,1,13,1,1,3,4,0,0,1,0,0,18,2,4,Non-Dropout
1,14,1,8,1,1,13,5,1,1,1,0,0,18,5,5,Non-Dropout
1,8,6,12,1,1,13,10,1,0,1,0,0,19,8,8,Non-Dropout
1,1,5,12,1,1,13,8,1,0,1,0,1,18,8,8,Non-Dropout
1,8,1,14,1,1,13,2,0,0,1,0,0,18,5,5,Non-Dropout
1,1,1,10,1,1,22,10,1,0,1,0,1,19,6,6,Non-Dropout
1,1,1,12,1,1,3,3,0,0,1,0,1,19,7,8,Non-Dropout
1,1,2,12,1,1,1,8,1,0,1,0,0,18,7,8,Dropout
1,1,2,15,1,1,1,10,1,0,1,0,0,20,6,6,Non-Dropout
1,1,3,11,1,1,13,4,1,0,1,0,1,20,6,6,Non-Dropout
1,9,1,12,1,1,23,6,1,0,1,0,0,20,8,8,Non-Dropout
1,1,4,12,1,1,22,10,1,0,1,0,1,18,8,8,Non-Dropout
1,1,2,12,1,1,13,8,1,0,1,0,0,18,7,8,Non-Dropout
1,8,4,6,1,1,13,5,0,0,1,0,0,19,5,5,Non-Dropout
1,1,3,9,1,1,13,10,1,0,1,0,0,19,5,5,Non-Dropout
2,12,1,3,0,1,19,13,0,0,1,0,0,44,6,6,Non-Dropout
1,4,1,4,1,3,23,6,0,0,1,0,0,32,6,6,Dropout
1,14,1,16,1,1,22,10,0,0,1,0,0,22,6,6,Dropout
2,12,1,4,1,1,1,5,1,0,1,0,0,36,12,12,Non-Dropout
1,8,1,15,1,1,22,6,0,0,1,0,1,18,6,6,Non-Dropout
1,1,1,8,1,1,3,4,1,0,1,0,0,20,5,5,Non-Dropout
1,16,1,5,1,1,13,6,0,0,1,0,1,20,11,11,Non-Dropout
1,8,1,10,1,1,3,3,0,0,1,0,0,19,6,6,Non-Dropout
1,12,1,9,1,12,3,4,1,1,1,0,0,24,5,5,Non-Dropout
1,8,1,10,1,1,1,5,0,0,1,0,0,20,6,6,Non-Dropout
1,14,1,3,0,1,3,3,0,0,1,0,0,27,10,11,Dropout
1,1,1,16,1,1,1,6,1,0,1,0,0,20,6,8,Non-Dropout
1,14,6,10,1,1,19,1,0,0,1,0,1,23,16,13,Non-Dropout
1,1,5,12,1,1,13,5,1,0,1,0,1,18,8,8,Non-Dropout
1,8,1,10,1,1,22,5,1,0,1,0,1,18,6,6,Non-Dropout
1,8,3,12,1,1,1,10,1,0,1,0,1,20,8,8,Non-Dropout
1,1,1,11,1,1,13,10,0,0,1,0,1,20,6,6,Non-Dropout
1,1,1,14,1,1,23,8,0,0,1,0,0,23,6,6,Dropout
1,1,2,12,1,1,13,10,1,0,1,0,0,20,7,7,Non-Dropout
1,12,1,11,1,7,19,1,1,0,0,0,0,28,5,5,Dropout
1,1,1,14,1,1,1,4,1,0,1,0,0,21,5,5,Non-Dropout
1,1,2,13,1,1,13,10,1,0,1,0,0,21,2,7,Dropout
1,4,1,12,1,3,19,1,0,0,1,0,0,28,7,8,Dropout
1,1,1,12,1,1,3,4,0,0,1,0,0,18,7,8,Non-Dropout
1,8,1,10,1,1,23,29,1,0,1,0,1,21,6,6,Non-Dropout
1,1,1,12,1,1,1,5,0,0,1,0,0,19,7,8,Non-Dropout
1,9,6,12,1,1,1,2,1,0,1,0,1,18,8,8,Non-Dropout
1,1,3,12,1,1,3,3,0,0,1,0,0,19,7,8,Dropout
1,15,1,6,1,14,23,10,0,0,1,0,0,20,6,6,Non-Dropout
1,1,3,12,1,1,1,10,1,0,1,0,1,20,7,8,Non-Dropout
1,8,1,16,1,1,1,8,0,0,1,0,1,18,6,6,Non-Dropout
1,14,2,14,1,1,23,5,1,0,1,0,0,20,6,6,Dropout
1,12,1,14,1,1,1,6,0,0,1,0,0,31,6,6,Dropout
1,8,3,12,1,1,22,10,1,0,1,0,1,19,7,8,Non-Dropout
1,1,3,12,1,1,23,6,1,0,1,0,1,19,7,8,Non-Dropout
1,1,1,5,1,1,13,4,0,0,1,0,0,23,6,6,Non-Dropout
1,1,1,14,1,1,22,6,0,0,1,0,0,19,6,6,Non-Dropout
1,1,6,12,1,1,1,4,1,0,1,0,0,20,7,7,Non-Dropout
1,1,1,6,1,1,22,10,1,1,1,0,0,22,6,6,Non-Dropout
1,1,1,16,1,1,3,3,1,0,1,0,0,18,7,7,Non-Dropout
1,4,3,8,1,3,13,12,0,1,0,0,0,27,5,5,Dropout
1,12,1,13,1,12,22,10,0,0,1,0,0,29,7,7,Dropout
1,8,1,11,1,1,1,5,1,0,1,0,0,18,6,6,Non-Dropout
1,8,1,5,1,1,13,10,0,0,1,0,0,18,6,6,Non-Dropout
1,8,1,12,1,1,23,8,0,0,1,0,0,18,8,8,Non-Dropout
1,8,3,6,1,1,22,10,1,0,1,0,0,20,5,5,Non-Dropout
1,8,2,11,1,1,23,10,1,0,1,0,0,18,6,6,Non-Dropout
1,1,1,5,1,1,1,5,0,0,0,0,0,18,6,6,Non-Dropout
1,4,2,6,1,3,3,2,0,0,0,0,0,28,5,4,Dropout
1,1,2,12,1,1,22,8,1,0,1,0,1,18,8,8,Non-Dropout
1,12,1,12,1,12,22,23,0,0,1,0,0,27,7,7,Non-Dropout
1,12,1,1,1,1,3,3,0,0,1,0,0,26,7,7,Non-Dropout
1,1,2,15,1,1,13,10,1,0,1,0,0,18,6,6,Non-Dropout
1,1,1,8,1,1,5,3,0,0,1,0,0,18,5,5,Dropout
1,1,2,9,1,1,1,5,0,0,1,0,0,21,5,5,Dropout
1,1,2,5,1,1,4,3,1,0,1,0,0,18,6,6,Non-Dropout
2,12,1,3,0,1,19,13,0,0,0,0,0,32,5,5,Dropout
1,12,2,14,1,1,19,1,0,0,1,0,0,28,5,5,Non-Dropout
1,12,1,17,0,1,22,10,0,0,0,0,0,40,4,5,Dropout
2,9,2,3,0,1,22,10,0,1,0,0,0,39,5,4,Dropout
2,9,2,10,1,1,22,10,0,1,0,0,0,39,6,6,Dropout
2,12,1,4,1,1,22,10,0,0,1,0,0,50,6,6,Non-Dropout
1,8,2,16,1,1,1,10,1,0,1,0,0,23,6,6,Dropout
4,12,1,3,0,12,19,1,0,0,1,0,0,48,6,6,Dropout
1,8,2,16,1,1,22,10,1,0,1,0,0,23,6,6,Dropout
1,1,6,12,1,1,22,6,1,0,1,0,1,18,8,8,Non-Dropout
1,8,1,8,1,1,3,3,0,0,1,0,0,18,5,5,Non-Dropout
1,6,1,10,1,1,3,3,1,0,0,0,0,20,6,6,Non-Dropout
1,9,3,6,1,1,1,10,1,0,1,0,1,18,5,5,Non-Dropout
1,1,1,13,1,1,5,2,1,0,1,0,0,18,7,8,Dropout
1,14,1,7,1,1,1,10,0,0,1,1,0,31,5,5,Dropout
1,12,1,7,1,12,13,6,1,0,1,1,0,24,5,5,Non-Dropout
1,12,1,2,1,1,3,3,1,0,1,1,0,24,0,0,Non-Dropout
1,12,1,9,1,1,22,10,0,1,0,1,0,26,5,5,Dropout
1,1,1,8,1,1,3,3,1,1,1,1,0,18,6,6,Dropout
1,8,1,9,1,1,22,5,0,0,1,1,1,19,5,5,Non-Dropout
1,8,1,14,1,1,13,10,1,0,1,1,0,22,6,6,Dropout
1,1,2,12,1,1,4,3,1,0,1,1,0,18,8,8,Non-Dropout
1,15,1,5,1,14,1,5,0,1,0,1,0,20,6,6,Dropout
1,15,1,2,1,14,4,3,0,0,1,1,0,25,0,0,Non-Dropout
1,14,1,17,0,1,3,5,1,0,1,1,0,24,5,5,Non-Dropout
1,12,1,7,1,1,3,5,1,0,1,1,0,27,5,5,Dropout
1,8,1,11,1,1,3,5,0,0,1,1,0,21,6,6,Non-Dropout
1,15,1,4,1,14,13,4,1,0,1,1,0,21,6,6,Non-Dropout
1,9,3,15,1,1,13,10,1,0,1,1,0,19,6,6,Dropout
1,12,1,12,1,1,13,6,0,0,1,1,0,28,7,8,Non-Dropout
1,1,1,9,1,1,13,6,0,0,1,1,0,20,5,5,Non-Dropout
1,15,1,4,1,14,1,5,0,0,1,1,1,21,6,6,Non-Dropout
1,1,1,12,1,1,1,6,0,0,1,1,1,18,7,8,Non-Dropout
1,8,2,7,1,1,13,10,1,0,1,1,1,18,5,5,Non-Dropout
1,1,2,9,1,1,13,6,0,0,1,1,0,20,5,5,Non-Dropout
1,12,1,7,1,15,1,6,0,0,1,1,0,25,5,5,Non-Dropout
1,1,1,14,1,1,23,6,0,1,1,1,0,22,6,6,Non-Dropout
1,1,1,12,1,1,22,10,0,0,1,1,0,18,8,8,Non-Dropout
1,8,2,9,1,1,13,10,1,0,1,1,0,19,5,5,Non-Dropout
1,1,5,7,1,1,10,5,1,0,1,1,0,19,5,5,Dropout
1,12,1,15,1,12,13,8,1,1,0,1,0,25,6,6,Dropout
1,14,1,5,1,1,10,2,0,1,1,1,0,21,11,8,Dropout
1,8,3,7,1,1,1,4,1,0,1,1,0,19,5,6,Dropout
1,8,2,9,1,1,1,5,0,0,1,1,0,20,5,5,Dropout
1,15,1,4,1,14,3,3,0,0,1,1,0,25,14,9,Dropout
1,8,1,9,1,1,13,8,1,0,1,1,0,20,5,5,Non-Dropout
1,1,1,2,1,1,22,10,1,0,1,1,0,18,0,0,Non-Dropout
1,15,1,11,1,14,24,32,1,1,1,1,0,23,6,6,Non-Dropout
1,13,1,12,1,1,1,10,1,0,1,1,0,23,8,8,Non-Dropout
1,17,1,4,1,16,3,20,0,0,1,1,0,21,12,12,Non-Dropout
1,1,1,8,1,1,1,4,1,0,1,1,0,20,5,5,Non-Dropout
1,12,1,17,0,1,1,5,0,0,1,1,0,25,5,5,Dropout
1,1,1,8,1,1,13,10,1,0,1,1,0,18,6,6,Non-Dropout
1,1,6,5,1,6,1,10,1,0,1,1,0,22,6,6,Non-Dropout
1,12,1,14,1,1,13,4,0,0,1,1,0,27,6,6,Non-Dropout
1,12,1,4,1,12,4,3,0,0,1,1,0,25,3,3,Dropout
1,8,4,7,1,1,19,1,1,0,1,1,0,18,5,5,Dropout
1,8,1,6,1,1,23,9,0,0,1,1,0,20,5,5,Non-Dropout
1,12,1,4,1,1,3,3,0,0,1,1,0,27,6,6,Non-Dropout
1,1,1,3,0,1,1,10,0,0,1,1,0,20,6,6,Non-Dropout
1,1,1,9,1,1,23,10,1,0,1,1,0,22,5,5,Dropout
1,8,6,7,1,1,13,6,1,0,1,1,0,19,5,5,Dropout
1,1,6,9,1,1,3,5,0,0,1,1,0,20,5,5,Non-Dropout
1,14,4,2,1,1,13,10,0,0,1,1,0,19,0,0,Non-Dropout
2,12,1,6,1,7,1,5,1,0,0,1,0,29,5,5,Dropout
1,1,2,12,1,1,3,10,0,0,1,1,0,19,8,8,Non-Dropout
1,12,2,17,0,1,13,10,1,0,1,0,1,28,5,5,Non-Dropout
2,1,1,10,1,1,22,6,0,0,1,0,0,20,6,6,Non-Dropout
1,1,4,5,1,1,22,10,1,0,1,0,0,20,6,6,Non-Dropout
1,12,1,3,0,1,19,1,1,0,1,0,0,31,6,6,Dropout
1,8,5,12,1,1,10,6,1,0,1,0,0,18,7,8,Non-Dropout
1,8,1,14,1,1,1,9,1,0,1,0,0,19,6,6,Non-Dropout
1,1,1,9,1,1,22,10,1,0,1,0,0,18,5,5,Non-Dropout
1,8,1,11,1,1,22,8,0,0,1,0,0,19,6,6,Non-Dropout
1,1,1,9,1,1,1,4,0,0,1,0,1,18,5,5,Non-Dropout
1,8,1,6,1,1,23,12,0,0,1,0,0,19,5,5,Non-Dropout
1,8,1,15,1,1,23,10,1,0,1,0,1,18,6,6,Non-Dropout
1,1,3,11,1,1,22,10,1,0,1,0,0,19,6,6,Non-Dropout
1,1,4,13,1,1,22,6,0,0,1,0,0,19,7,8,Non-Dropout
1,1,2,14,1,1,13,10,1,0,1,0,0,18,6,6,Non-Dropout
1,1,1,12,1,1,3,3,0,0,1,0,0,19,7,7,Non-Dropout
1,15,1,14,1,14,22,10,0,0,1,0,1,20,6,6,Non-Dropout
1,8,1,14,1,1,1,5,1,0,1,0,0,20,6,6,Non-Dropout
1,8,1,4,1,1,22,5,0,1,1,0,0,20,6,6,Non-Dropout
1,12,1,17,0,3,22,10,0,0,1,0,0,29,15,13,Dropout
1,8,1,16,1,1,23,8,0,0,0,0,1,20,6,6,Dropout
4,12,1,16,1,1,22,10,0,1,0,0,0,31,7,7,Dropout
1,8,1,14,1,1,13,8,0,0,1,0,0,20,6,6,Non-Dropout
1,8,1,4,1,1,23,10,1,0,1,0,0,21,18,13,Non-Dropout
1,4,1,8,1,3,13,10,1,0,1,0,0,23,6,6,Dropout
1,8,5,5,1,1,13,6,0,1,0,0,0,21,6,6,Dropout
1,4,1,12,1,15,1,10,0,0,1,0,0,24,7,8,Non-Dropout
1,12,1,3,0,1,1,5,0,0,1,0,0,27,6,6,Non-Dropout
1,1,1,12,1,1,1,4,0,0,1,0,1,18,7,8,Non-Dropout
1,1,3,2,1,1,7,7,1,0,0,0,0,21,0,0,Dropout
1,8,1,8,1,1,13,4,1,1,1,0,1,19,5,5,Dropout
1,1,6,12,1,1,23,8,1,0,1,0,1,19,8,8,Non-Dropout
1,8,1,6,1,1,13,32,0,0,1,0,0,18,6,6,Dropout
1,14,3,12,1,1,23,7,1,0,1,0,1,18,7,7,Non-Dropout
1,1,2,16,1,1,22,29,1,1,1,0,1,20,7,7,Non-Dropout
2,1,1,3,0,1,1,5,1,0,1,0,0,24,6,6,Non-Dropout
1,1,1,5,1,1,1,2,1,0,1,0,0,20,6,6,Non-Dropout
1,8,3,9,1,1,1,6,0,0,1,0,0,20,5,5,Non-Dropout
1,1,1,12,1,1,13,10,1,0,1,0,1,19,8,8,Non-Dropout
1,1,6,12,1,1,1,10,1,0,1,0,1,18,8,8,Non-Dropout
1,8,2,10,1,3,22,8,1,0,1,0,1,20,6,6,Non-Dropout
1,8,1,12,1,1,22,10,1,0,1,0,0,20,7,8,Non-Dropout
1,8,2,12,1,1,13,5,1,0,1,0,1,19,7,8,Non-Dropout
1,15,1,6,1,14,3,3,1,0,1,0,0,19,6,6,Non-Dropout
1,1,1,15,1,1,3,5,1,0,1,0,0,20,6,6,Non-Dropout
1,8,2,9,1,1,1,5,1,0,1,0,0,19,5,5,Dropout
1,8,5,16,1,1,23,10,1,0,1,0,0,19,6,6,Dropout
1,8,1,12,1,1,23,8,1,0,1,0,1,18,8,8,Non-Dropout
1,8,4,5,1,1,23,10,0,0,1,0,1,23,6,6,Dropout
1,1,1,16,1,1,13,10,1,0,1,0,0,21,6,6,Dropout
1,15,1,3,0,14,22,7,1,0,1,0,0,23,9,8,Non-Dropout
1,1,3,12,1,1,13,10,1,0,1,0,0,19,7,8,Non-Dropout
1,8,2,15,1,1,1,6,1,0,1,0,0,18,6,6,Non-Dropout
1,1,1,15,1,1,13,10,1,0,1,0,0,19,6,6,Non-Dropout
1,12,1,12,1,1,13,10,0,0,1,0,1,25,8,8,Non-Dropout
1,1,2,16,1,1,1,5,1,0,1,0,0,19,6,6,Non-Dropout
1,1,1,12,1,1,1,6,0,0,1,0,1,19,7,8,Non-Dropout
1,12,1,13,1,1,23,29,0,1,1,0,1,24,7,8,Non-Dropout
1,1,1,14,1,1,22,10,1,0,1,0,1,18,6,6,Non-Dropout
1,8,5,10,1,1,22,8,1,0,1,0,1,19,6,6,Non-Dropout
1,1,5,12,1,1,22,10,0,0,1,0,1,18,8,8,Non-Dropout
1,12,1,17,0,1,23,10,0,0,1,0,0,27,5,5,Non-Dropout
1,8,3,10,1,1,1,5,0,0,1,0,0,19,6,6,Non-Dropout
1,9,1,15,1,1,1,4,0,0,1,0,1,18,6,6,Dropout
2,12,1,14,1,1,22,10,0,1,0,0,0,34,6,6,Dropout
1,1,6,9,1,1,22,10,0,0,1,0,0,18,5,5,Non-Dropout
1,1,1,9,1,1,22,5,1,0,1,0,0,18,5,5,Non-Dropout
1,1,3,12,1,1,22,8,1,0,1,0,0,18,8,8,Non-Dropout
1,1,2,15,1,1,23,8,1,1,0,0,0,20,6,6,Dropout
1,1,1,9,1,1,13,10,1,0,1,0,1,19,5,5,Non-Dropout
1,1,1,10,1,1,22,4,0,0,1,0,0,21,6,6,Non-Dropout
2,12,1,17,0,3,13,10,0,0,1,0,0,26,5,5,Non-Dropout
1,14,2,13,1,1,1,5,0,0,1,0,0,27,7,8,Non-Dropout
1,1,1,14,1,1,1,6,1,0,1,0,0,20,5,5,Non-Dropout
1,8,1,10,1,1,13,6,1,0,1,0,0,18,6,6,Non-Dropout
1,17,1,6,1,16,1,6,1,0,0,0,0,23,12,9,Non-Dropout
1,12,1,12,1,12,1,5,0,0,1,0,0,24,8,8,Non-Dropout
1,15,1,10,1,14,23,7,1,0,1,0,1,19,6,6,Non-Dropout
1,1,1,15,1,1,13,4,0,0,1,0,0,19,6,6,Non-Dropout
1,1,4,10,1,1,13,10,1,1,1,0,1,19,6,6,Non-Dropout
1,1,1,10,1,1,22,6,0,1,1,0,0,18,6,6,Non-Dropout
1,16,1,3,0,1,1,6,0,0,1,0,0,22,16,13,Non-Dropout
1,14,1,5,1,1,1,6,0,0,1,0,0,20,6,6,Non-Dropout
1,12,1,4,1,1,13,10,0,0,1,0,0,25,6,6,Dropout
1,15,1,4,1,14,1,5,0,0,1,0,0,21,6,6,Non-Dropout
1,1,1,12,1,1,13,32,1,0,1,0,0,19,7,7,Non-Dropout
1,8,4,15,1,1,1,5,1,0,1,0,0,18,6,6,Non-Dropout
1,1,3,14,1,1,22,1,1,0,1,0,0,18,5,5,Non-Dropout
1,8,3,12,1,1,3,10,1,0,1,1,0,19,7,8,Non-Dropout
1,1,1,6,1,1,3,7,1,0,1,0,1,19,5,5,Non-Dropout
1,8,2,15,1,1,22,6,1,1,0,0,0,18,6,6,Dropout
1,16,1,10,1,14,23,6,1,0,1,0,1,20,11,11,Non-Dropout
1,8,5,12,1,1,1,5,1,0,1,0,0,19,7,8,Dropout
1,13,1,12,1,1,13,6,1,0,1,0,0,28,17,17,Non-Dropout
1,1,1,10,1,1,22,10,1,0,1,0,1,20,6,6,Non-Dropout
1,13,1,3,0,1,22,12,1,0,1,0,0,30,11,7,Dropout
1,1,4,12,1,1,1,10,1,0,1,0,1,19,7,8,Non-Dropout
1,1,2,5,1,1,13,4,1,0,1,0,0,22,6,6,Non-Dropout
1,1,1,11,1,1,23,6,1,0,1,0,0,18,6,6,Non-Dropout
1,8,1,16,1,1,22,10,1,0,1,0,0,23,6,6,Dropout
1,8,4,5,1,1,1,6,1,0,1,0,0,18,6,6,Non-Dropout
1,1,1,16,1,1,22,8,1,0,1,0,0,18,6,6,Non-Dropout
2,12,1,15,1,12,22,1,0,1,0,1,0,50,6,5,Dropout
1,1,1,2,1,1,3,3,1,0,1,0,1,19,0,0,Non-Dropout
1,8,2,11,1,1,13,10,1,0,1,0,0,22,6,6,Non-Dropout
1,15,1,10,1,14,1,5,0,1,1,0,1,23,6,6,Non-Dropout
1,9,4,6,1,1,1,5,0,1,0,0,1,20,5,5,Dropout
4,12,1,10,1,12,22,10,0,0,0,0,0,44,6,6,Dropout
4,12,1,4,1,12,22,10,0,0,1,1,0,49,12,12,Non-Dropout
2,14,1,17,0,1,22,10,0,0,1,1,0,46,10,10,Non-Dropout
1,12,1,6,1,14,22,2,1,0,0,1,0,41,3,2,Dropout
1,8,3,12,1,1,23,10,1,0,1,1,0,18,7,8,Non-Dropout
3,12,1,17,0,1,22,10,0,0,1,1,0,43,5,5,Non-Dropout
4,12,2,9,1,12,22,10,0,1,0,1,0,70,5,5,Dropout
4,12,1,8,1,12,22,10,0,0,1,1,0,48,6,6,Dropout
2,14,1,4,1,1,22,10,0,0,1,1,0,41,19,13,Non-Dropout
1,1,1,11,1,1,13,10,0,0,1,1,0,21,6,6,Non-Dropout
1,12,1,1,1,1,23,10,0,1,0,1,0,35,7,7,Dropout
2,12,1,8,1,12,2,3,1,0,1,1,0,44,5,5,Non-Dropout
1,1,1,9,1,1,3,6,1,1,1,1,0,18,5,5,Dropout
2,1,1,3,0,1,22,1,1,0,1,1,0,45,6,6,Non-Dropout
1,1,1,11,1,1,3,3,0,0,1,1,0,20,6,6,Non-Dropout
1,15,1,4,1,14,1,10,1,0,1,1,0,22,6,6,Non-Dropout
1,14,1,7,1,1,22,6,0,0,1,1,0,39,5,5,Dropout
1,15,1,6,1,14,2,7,0,0,0,1,0,20,6,6,Non-Dropout
2,12,1,9,1,12,22,10,0,0,1,1,0,49,5,5,Dropout
1,4,1,13,1,4,5,3,1,0,1,1,0,43,4,1,Dropout
2,12,1,17,0,1,22,10,1,0,1,1,0,32,5,5,Dropout
1,12,1,10,1,9,22,10,0,0,1,1,0,47,9,7,Non-Dropout
5,12,1,17,0,1,22,10,0,0,1,1,1,37,5,5,Dropout
2,12,1,3,0,1,13,5,0,0,1,1,0,41,10,7,Non-Dropout
2,12,1,4,1,1,22,10,0,0,1,1,0,60,18,13,Non-Dropout
2,12,1,11,1,1,1,10,0,0,1,1,0,47,11,9,Non-Dropout
1,12,1,3,0,1,22,10,0,1,0,1,0,50,6,5,Dropout
2,12,1,17,0,12,23,12,1,0,1,1,0,45,5,5,Dropout
1,12,1,7,1,1,22,10,0,1,0,1,0,45,5,5,Dropout
2,12,1,6,1,1,22,12,0,0,1,1,0,33,5,5,Non-Dropout
1,1,1,12,1,1,3,3,0,0,1,1,0,18,8,8,Non-Dropout
2,12,1,6,1,1,22,7,0,0,1,1,0,43,5,5,Non-Dropout
1,14,1,3,0,1,13,5,0,0,1,1,0,44,13,11,Non-Dropout
1,12,1,8,1,7,19,1,0,0,1,1,0,29,5,5,Dropout
4,12,1,14,1,1,2,4,0,1,0,1,0,53,6,6,Dropout
2,13,1,17,0,6,22,10,0,0,1,1,0,37,5,5,Non-Dropout
1,14,1,14,1,1,23,9,1,0,1,1,0,18,6,6,Non-Dropout
1,14,1,1,1,12,23,5,0,1,1,1,0,35,10,9,Dropout
1,1,1,11,1,1,13,4,0,0,1,1,0,23,6,6,Non-Dropout
1,1,1,2,1,1,13,10,1,0,1,1,0,22,0,0,Non-Dropout
1,12,1,3,0,1,22,12,0,0,0,1,0,33,6,6,Dropout
1,4,3,8,1,3,22,12,0,0,0,1,0,41,5,5,Dropout
4,4,1,12,1,3,22,10,0,0,1,1,0,51,7,8,Non-Dropout
1,16,1,14,1,1,10,4,0,0,1,1,0,19,6,7,Non-Dropout
1,12,1,17,0,1,22,10,0,0,1,1,0,35,5,5,Dropout
1,1,2,2,1,1,13,5,1,0,1,1,0,20,0,0,Non-Dropout
1,14,1,14,1,1,3,3,1,0,1,1,0,18,6,6,Non-Dropout
1,1,1,15,1,1,13,10,0,1,0,1,1,18,6,6,Dropout
1,15,1,4,1,14,2,5,0,0,1,1,0,21,6,6,Non-Dropout
1,1,1,11,1,1,1,7,1,0,1,1,0,21,6,6,Non-Dropout
2,12,2,9,1,1,13,5,0,0,1,1,0,34,5,5,Non-Dropout
4,12,1,8,1,1,22,7,1,0,1,1,0,34,6,6,Dropout
1,8,2,14,1,1,3,5,1,0,1,1,0,21,6,6,Non-Dropout
1,14,1,15,1,1,3,4,0,0,1,1,0,32,11,7,Non-Dropout
1,8,2,11,1,1,22,6,1,0,1,1,0,30,6,6,Dropout
1,1,1,2,1,1,1,4,1,1,1,1,0,19,12,11,Non-Dropout
1,16,1,15,1,1,1,9,1,0,1,1,0,20,7,6,Dropout
1,1,1,5,1,1,13,10,1,0,1,1,0,18,6,6,Dropout
1,1,1,11,1,1,3,3,0,0,1,1,0,19,6,6,Non-Dropout
1,8,3,12,1,1,3,4,1,0,1,1,0,18,7,7,Dropout
1,12,1,17,0,1,1,5,0,0,1,1,0,27,5,5,Dropout
1,12,1,15,1,9,1,10,1,0,1,1,0,52,6,6,Non-Dropout
2,14,1,4,1,1,1,5,1,0,0,1,0,29,6,6,Dropout
1,16,1,4,1,14,1,5,1,1,0,1,0,22,6,6,Dropout
1,14,1,6,1,1,23,10,1,0,1,1,0,28,18,13,Non-Dropout
1,12,1,14,1,6,1,12,1,0,1,1,0,30,5,5,Dropout
1,1,2,12,1,1,1,6,1,0,1,0,0,18,7,8,Non-Dropout
1,1,2,14,1,1,23,6,1,0,1,0,0,21,5,5,Non-Dropout
1,1,1,5,1,1,22,10,1,1,1,0,1,20,6,6,Non-Dropout
1,13,1,12,1,1,22,4,1,0,1,0,1,21,8,8,Non-Dropout
2,12,1,17,0,12,13,8,0,1,0,0,0,32,5,5,Dropout
1,1,3,5,1,1,22,10,1,0,1,1,1,20,6,6,Non-Dropout
1,1,4,2,1,1,1,5,1,1,0,1,0,19,0,0,Dropout
1,6,1,14,1,1,1,10,0,1,0,1,0,18,6,6,Dropout
1,14,1,17,0,1,22,10,1,0,0,1,0,23,15,14,Dropout
1,1,1,11,1,1,1,4,1,0,1,1,0,20,6,6,Non-Dropout
2,14,2,9,1,1,22,10,1,0,1,0,0,46,9,5,Non-Dropout
1,8,1,4,1,1,3,3,0,0,1,1,0,27,18,12,Non-Dropout
1,3,1,2,1,1,3,2,1,0,1,1,0,20,0,0,Non-Dropout
2,14,3,3,0,12,22,10,1,0,1,1,0,41,9,7,Non-Dropout
1,6,1,9,1,1,1,30,0,1,1,1,0,40,5,5,Non-Dropout
2,15,1,3,0,14,1,6,0,0,1,1,0,37,16,11,Non-Dropout
1,1,4,9,1,1,23,6,0,0,1,1,0,20,5,5,Non-Dropout
1,15,1,8,1,14,1,5,1,0,1,0,0,20,5,5,Non-Dropout
1,4,1,17,0,15,1,5,0,0,1,0,0,26,9,7,Non-Dropout
2,12,1,3,0,1,22,10,0,0,1,1,0,54,9,7,Non-Dropout
1,8,5,14,1,1,13,6,1,0,1,1,0,21,6,6,Non-Dropout
1,1,1,6,1,1,1,10,1,0,1,0,1,20,6,6,Non-Dropout
1,8,6,15,1,1,1,6,1,0,1,0,0,18,6,6,Dropout
1,1,3,12,1,1,1,5,1,0,1,0,0,19,7,8,Non-Dropout
1,1,2,10,1,1,23,5,1,0,1,0,0,18,6,6,Non-Dropout
1,1,1,6,1,1,3,3,1,0,1,0,0,19,6,6,Non-Dropout
1,15,1,6,1,14,1,5,1,1,1,0,0,22,6,6,Dropout
1,14,1,6,1,1,2,5,0,0,1,0,0,19,6,6,Non-Dropout
1,1,1,2,1,1,3,5,1,0,1,0,0,21,12,11,Dropout
1,8,1,16,1,1,3,18,0,0,1,0,0,20,7,7,Non-Dropout
1,8,3,15,1,1,1,6,1,0,1,0,1,18,6,6,Non-Dropout
1,8,1,15,1,1,23,8,1,0,1,0,1,18,6,6,Non-Dropout
1,8,1,14,1,1,1,6,1,1,1,0,0,20,6,6,Dropout
1,1,1,12,1,1,13,4,0,0,1,0,1,18,7,8,Non-Dropout
1,1,3,12,1,1,3,2,1,0,1,0,0,18,8,8,Non-Dropout
1,1,2,15,1,1,1,10,1,0,1,0,1,20,6,6,Non-Dropout
1,1,1,10,1,1,1,2,1,0,1,0,0,19,6,6,Non-Dropout
1,1,1,5,1,1,3,2,1,0,1,0,0,18,6,6,Non-Dropout
1,1,1,12,1,1,3,5,0,0,1,0,0,18,8,8,Non-Dropout
1,3,3,6,1,1,22,1,0,1,1,0,1,18,5,5,Dropout
1,8,3,2,1,1,13,6,1,0,1,0,1,20,0,0,Non-Dropout
1,8,1,15,1,1,1,10,0,0,1,0,1,19,6,6,Non-Dropout
1,12,1,12,1,1,3,3,0,0,0,1,0,36,6,7,Dropout
1,8,1,10,1,1,1,10,0,0,1,0,1,19,6,6,Non-Dropout
1,8,3,10,1,1,3,3,1,0,1,0,0,18,6,6,Non-Dropout
1,1,3,15,1,1,13,4,0,0,1,0,1,18,6,6,Non-Dropout
1,1,3,15,1,1,23,6,1,0,1,0,1,18,6,6,Non-Dropout
1,15,1,5,1,1,1,10,1,0,1,0,0,19,7,9,Non-Dropout
1,9,3,12,1,1,1,5,1,0,1,0,0,18,7,8,Non-Dropout
1,1,1,8,1,1,1,10,1,0,1,0,1,19,6,6,Non-Dropout
1,1,1,16,1,1,3,4,1,0,1,0,0,18,6,6,Non-Dropout
1,17,1,5,1,16,25,4,1,0,0,0,1,22,6,6,Non-Dropout
1,1,2,10,1,1,13,10,1,1,0,0,0,18,6,6,Dropout
1,8,4,9,1,1,13,6,1,0,1,0,0,19,5,5,Non-Dropout
1,1,1,15,1,1,23,10,1,0,1,0,0,18,6,6,Non-Dropout
1,1,3,16,1,1,1,6,0,0,1,0,0,19,7,7,Non-Dropout
1,8,2,9,1,1,13,10,1,1,1,0,0,20,5,5,Non-Dropout
1,8,3,5,1,1,1,4,1,0,1,0,1,18,6,6,Non-Dropout
1,1,1,8,1,1,3,3,0,1,0,0,0,23,6,6,Non-Dropout
1,1,4,15,1,1,1,5,1,0,1,0,0,20,4,6,Dropout
1,1,5,5,1,1,3,10,1,0,1,0,0,20,6,6,Non-Dropout
1,1,1,10,1,1,1,10,1,1,0,0,1,22,6,6,Dropout
1,8,2,16,1,1,13,6,1,0,1,0,1,18,7,7,Non-Dropout
1,8,1,12,1,1,13,10,0,0,1,0,1,18,7,8,Non-Dropout
1,1,1,12,1,1,3,4,0,0,1,0,0,18,7,8,Non-Dropout
1,1,1,16,1,1,13,5,0,0,1,0,0,18,7,7,Non-Dropout
1,16,1,9,1,1,1,5,0,0,1,0,0,21,5,5,Non-Dropout
1,8,1,5,1,1,1,5,0,0,1,0,0,20,6,6,Non-Dropout
1,7,1,5,1,1,1,5,1,0,1,0,0,18,6,6,Non-Dropout
1,8,2,12,1,1,13,4,1,0,0,0,1,20,7,8,Non-Dropout
1,1,1,3,0,1,19,10,1,0,1,0,0,25,6,6,Non-Dropout
1,1,1,9,1,1,13,10,1,0,1,0,1,18,5,5,Non-Dropout
1,1,3,2,1,1,10,10,1,0,1,0,0,19,0,0,Non-Dropout
1,1,1,6,1,1,1,5,1,0,1,0,0,20,7,7,Non-Dropout
1,1,2,10,1,1,13,10,1,0,1,0,1,20,6,6,Non-Dropout
1,9,4,15,1,1,1,10,1,0,1,0,1,21,6,6,Non-Dropout
1,8,3,14,1,1,1,5,1,0,1,0,0,18,6,6,Non-Dropout
1,8,1,16,1,1,1,6,1,0,1,0,0,18,7,7,Dropout
1,1,3,5,1,1,1,10,1,0,1,0,1,18,6,6,Non-Dropout
1,1,4,12,1,1,13,5,1,0,1,0,0,18,8,8,Non-Dropout
1,14,1,14,1,1,3,4,0,0,1,0,0,19,6,6,Dropout
1,8,1,11,1,1,24,4,1,0,1,0,0,20,6,6,Dropout
1,12,1,10,1,7,19,1,0,0,1,0,0,47,6,5,Dropout
1,14,1,8,1,1,1,10,0,1,1,0,0,21,5,5,Non-Dropout
2,12,1,8,1,1,22,10,0,0,1,1,0,31,6,6,Dropout
2,12,1,7,1,1,22,12,1,0,1,1,0,46,5,5,Dropout
1,1,3,7,1,1,3,4,1,0,1,1,0,18,5,5,Non-Dropout
1,8,3,7,1,1,3,4,1,0,1,1,0,19,5,5,Dropout
1,16,1,13,1,1,1,24,1,0,1,1,0,23,7,7,Non-Dropout
1,15,1,8,1,14,3,3,0,0,0,1,0,22,5,5,Dropout
1,1,1,9,1,1,23,4,1,0,1,1,0,19,5,5,Non-Dropout
1,1,1,9,1,1,3,10,0,1,0,0,0,19,5,5,Dropout
1,8,1,9,1,1,3,4,0,0,0,1,0,22,5,5,Non-Dropout
1,12,1,8,1,1,3,4,0,1,0,1,0,29,5,5,Dropout
1,1,3,12,1,1,22,10,1,0,1,0,0,18,7,7,Non-Dropout
1,1,1,10,1,1,23,10,1,0,1,0,0,18,6,6,Non-Dropout
1,1,1,2,1,1,22,10,1,1,0,0,1,23,0,0,Dropout
2,12,1,17,0,1,1,32,0,0,1,0,0,34,5,5,Non-Dropout
1,8,1,9,1,1,13,10,0,0,1,0,0,19,5,5,Non-Dropout
1,1,1,6,1,1,1,3,1,0,1,0,0,18,5,5,Non-Dropout
1,8,6,12,1,1,1,5,0,0,1,0,1,20,7,8,Non-Dropout
1,1,6,12,1,1,3,2,1,0,1,0,0,19,7,8,Non-Dropout
1,3,2,16,1,1,13,5,1,0,1,0,0,22,6,6,Non-Dropout
1,1,1,10,1,1,13,10,1,0,1,0,1,23,6,6,Non-Dropout
2,12,1,12,1,1,1,10,0,0,1,1,1,34,8,8,Non-Dropout
1,8,4,7,1,1,13,6,1,1,0,1,0,18,5,5,Non-Dropout
1,1,3,15,1,1,1,5,1,0,1,1,0,21,6,6,Dropout
1,1,1,10,1,1,1,5,1,0,1,1,0,22,6,6,Dropout
1,12,1,4,1,9,22,10,0,0,1,1,0,28,6,6,Dropout
1,3,4,7,1,1,13,5,1,0,1,1,0,23,5,5,Dropout
1,1,1,15,1,1,19,1,0,0,1,1,0,20,6,6,Dropout
1,9,2,7,1,1,1,6,1,0,1,1,0,18,5,5,Dropout
1,12,2,9,1,9,13,10,1,1,0,1,0,28,5,5,Dropout
1,15,1,5,1,14,1,6,0,0,1,1,0,21,7,9,Dropout
1,12,1,14,1,1,23,10,0,1,0,1,0,25,6,6,Dropout
1,15,1,6,1,14,1,6,1,0,0,1,0,19,6,6,Dropout
1,1,4,12,1,1,1,5,1,0,1,1,1,18,7,8,Non-Dropout
1,12,1,7,1,3,1,12,0,0,1,1,0,29,3,5,Dropout
1,12,1,7,1,12,22,4,0,0,1,1,1,29,5,5,Dropout
1,9,1,11,1,1,13,5,0,0,1,1,0,20,6,6,Non-Dropout
1,1,1,2,1,1,13,10,0,0,1,1,0,18,0,0,Non-Dropout
1,1,1,11,1,1,1,29,0,0,1,1,0,20,6,6,Non-Dropout
2,12,1,7,1,1,19,1,1,0,1,1,0,33,5,5,Dropout
1,13,1,17,0,1,13,6,0,0,1,1,0,30,15,11,Non-Dropout
1,1,1,13,1,1,1,2,0,0,1,1,1,21,7,8,Non-Dropout
1,1,1,4,1,1,1,32,0,1,1,1,0,18,6,6,Non-Dropout
1,1,1,12,1,1,23,10,0,0,1,1,1,19,7,8,Non-Dropout
1,8,1,5,1,1,23,10,0,0,1,1,1,21,6,6,Dropout
1,12,2,13,1,1,13,5,0,0,1,1,1,25,7,7,Dropout
1,1,2,14,1,1,13,8,0,0,1,1,0,19,5,5,Non-Dropout
1,15,1,5,1,14,13,10,1,0,1,1,0,23,7,9,Dropout
1,8,2,5,1,1,23,10,1,0,1,1,1,19,6,6,Non-Dropout
1,1,1,2,1,1,3,3,1,0,1,1,0,19,0,0,Non-Dropout
1,12,1,4,1,1,13,10,0,1,0,1,0,31,6,6,Dropout
1,12,1,4,1,1,22,5,0,1,0,1,0,32,6,10,Dropout
1,7,2,12,1,1,2,5,1,0,1,0,1,19,8,8,Non-Dropout
1,13,1,15,1,6,19,1,1,0,1,0,0,34,10,10,Non-Dropout
1,7,6,15,1,1,23,1,1,0,1,0,0,21,6,6,Non-Dropout
1,14,2,10,1,1,22,10,1,0,1,0,1,53,7,7,Non-Dropout
1,1,1,12,1,1,13,5,0,0,1,0,1,19,7,8,Non-Dropout
1,1,3,15,1,1,23,10,0,0,1,0,1,20,6,6,Non-Dropout
1,1,2,15,1,1,1,10,1,0,1,0,0,18,6,6,Non-Dropout
1,12,1,2,1,1,22,28,0,0,0,0,0,32,0,0,Dropout
1,14,1,12,1,1,22,10,1,0,1,0,1,21,8,8,Non-Dropout
1,4,1,3,0,3,22,10,0,0,0,0,0,26,5,5,Dropout
1,13,1,6,1,14,1,5,1,0,1,0,0,26,18,13,Non-Dropout
2,15,1,17,0,14,1,5,0,0,0,0,0,21,5,5,Dropout
1,8,1,15,1,1,22,6,0,0,1,0,0,18,6,6,Non-Dropout
1,14,1,5,1,14,13,6,1,0,1,0,1,21,12,12,Non-Dropout
1,1,1,11,1,1,23,10,1,0,1,0,0,21,6,6,Non-Dropout
1,8,1,14,1,1,13,8,0,0,1,0,1,19,6,6,Non-Dropout
1,8,1,9,1,1,13,10,0,0,1,0,0,19,5,5,Dropout
1,14,2,10,1,1,23,6,0,0,1,0,1,19,6,6,Non-Dropout
1,4,1,12,1,3,22,8,1,0,1,0,0,27,8,8,Non-Dropout
1,1,2,12,1,1,22,10,1,0,1,0,1,18,7,7,Non-Dropout
1,1,2,9,1,1,13,10,1,0,1,0,0,20,5,5,Dropout
1,1,3,12,1,1,1,6,1,0,1,0,1,19,7,8,Non-Dropout
1,1,4,14,1,1,1,8,1,0,1,0,0,20,6,6,Dropout
1,8,2,10,1,1,13,8,1,0,1,0,1,19,6,6,Non-Dropout
1,8,5,10,1,1,13,6,1,0,1,0,0,20,6,6,Non-Dropout
1,1,1,2,1,1,23,8,0,0,1,0,0,20,0,0,Dropout
1,1,1,16,1,1,22,10,0,0,1,0,0,18,6,6,Non-Dropout
1,1,1,6,1,1,13,6,1,0,1,0,0,20,5,5,Non-Dropout
2,12,1,17,0,1,22,10,0,0,0,0,0,38,5,5,Dropout
4,12,1,3,0,1,22,10,0,0,1,0,0,42,6,6,Non-Dropout
1,12,1,12,1,1,22,10,0,0,1,0,0,32,7,8,Dropout
1,6,1,15,1,1,13,5,1,0,1,0,0,22,6,6,Non-Dropout
2,12,1,17,0,1,19,12,1,0,1,0,0,28,5,5,Dropout
2,12,1,3,0,7,22,9,1,0,1,0,0,37,6,6,Dropout
2,15,1,4,1,14,22,10,0,0,1,0,0,43,6,6,Non-Dropout
6,12,1,3,0,1,22,10,0,0,1,0,1,41,6,6,Non-Dropout
4,12,1,3,0,12,22,10,0,0,1,0,1,29,6,6,Non-Dropout
1,12,1,3,0,1,22,10,0,0,1,0,1,35,6,6,Non-Dropout
1,8,6,10,1,1,1,5,1,0,1,0,0,18,6,6,Dropout
1,12,1,12,1,12,22,10,0,0,0,0,1,39,7,7,Dropout
4,12,1,17,0,1,22,10,0,0,1,0,0,37,5,5,Non-Dropout
1,12,1,12,1,1,22,10,1,0,1,0,1,26,7,7,Non-Dropout
1,4,1,6,1,3,13,5,1,0,1,0,0,32,5,5,Dropout
2,12,1,3,0,1,22,7,0,1,1,0,0,37,8,7,Non-Dropout
1,12,1,6,1,1,22,29,1,1,1,0,0,28,6,6,Non-Dropout
1,1,1,10,1,1,13,1,1,0,1,0,0,19,6,6,Dropout
1,1,5,9,1,1,22,8,1,0,1,0,0,18,5,5,Non-Dropout
1,1,1,16,1,1,13,10,0,0,1,0,1,19,7,7,Non-Dropout
2,4,1,14,1,3,22,8,0,0,1,0,0,32,11,8,Non-Dropout
2,12,1,9,1,1,22,10,1,0,1,0,0,31,5,5,Dropout
1,12,1,12,1,1,3,3,1,0,1,0,0,34,8,8,Non-Dropout
1,1,3,2,1,1,1,4,1,0,1,0,0,20,12,11,Non-Dropout
1,12,1,12,1,12,23,10,0,0,1,0,0,28,7,7,Dropout
1,15,1,17,0,14,22,7,0,0,1,0,0,31,6,7,Non-Dropout
1,1,1,15,1,1,13,5,1,0,1,0,0,18,6,6,Non-Dropout
4,12,1,3,0,12,22,12,0,0,0,0,0,31,6,6,Dropout
1,1,3,15,1,1,13,6,1,0,1,0,0,19,6,6,Non-Dropout
1,1,1,10,1,1,22,10,1,0,1,0,1,19,6,6,Non-Dropout
2,12,1,10,1,12,22,10,1,0,1,0,0,31,6,5,Non-Dropout
1,4,1,6,1,3,1,10,0,0,1,0,0,34,6,6,Dropout
1,7,1,13,1,1,22,10,1,0,1,0,1,18,7,8,Non-Dropout
1,8,2,11,1,1,22,8,1,0,1,0,0,18,6,6,Non-Dropout
1,1,1,9,1,1,3,4,0,1,1,1,0,19,5,5,Non-Dropout
1,8,2,15,1,1,3,1,1,0,0,1,1,22,4,4,Dropout
2,14,1,14,1,1,19,1,0,0,1,1,0,32,10,9,Non-Dropout
1,12,1,9,1,1,22,10,0,0,1,1,0,61,5,5,Dropout
1,12,1,17,0,1,22,10,1,0,1,1,0,30,5,5,Non-Dropout
2,12,1,17,0,1,22,10,0,1,0,1,0,45,5,5,Dropout
1,15,1,4,1,14,1,5,0,0,1,1,0,20,6,6,Non-Dropout
1,9,5,12,1,1,13,2,0,0,1,0,0,19,7,8,Dropout
1,13,1,7,1,1,3,3,1,0,1,1,0,26,10,11,Dropout
1,8,4,14,1,1,1,5,1,0,1,1,0,19,5,5,Dropout
1,8,1,15,1,1,13,10,0,0,1,1,1,19,6,6,Non-Dropout
1,1,3,15,1,1,23,10,1,0,1,1,0,19,6,6,Non-Dropout
1,1,1,9,1,1,1,6,1,0,1,1,1,19,5,5,Non-Dropout
1,1,3,14,1,1,11,1,1,0,0,1,0,19,5,4,Dropout
1,12,1,14,1,1,19,1,1,0,0,1,0,28,5,5,Dropout
1,14,1,9,1,1,22,10,0,0,1,1,0,24,15,14,Non-Dropout
1,1,1,8,1,1,3,3,0,0,1,1,0,18,5,5,Non-Dropout
1,1,2,7,1,1,23,6,0,0,1,1,0,18,5,5,Non-Dropout
1,1,1,15,1,1,1,4,1,0,1,1,1,18,6,6,Non-Dropout
1,15,1,4,1,14,4,3,0,0,1,1,0,21,6,6,Non-Dropout
2,12,1,17,0,1,13,10,0,0,0,1,0,28,5,5,Dropout
1,12,1,4,1,9,22,10,0,0,1,1,0,58,6,6,Dropout
2,12,1,17,0,1,19,1,1,0,0,1,0,49,5,5,Dropout
1,12,1,7,1,1,1,4,0,0,1,1,0,24,5,5,Non-Dropout
1,14,1,14,1,1,19,1,0,0,1,1,0,25,5,5,Non-Dropout
4,13,1,9,1,1,22,8,1,0,1,1,0,33,5,5,Dropout
2,12,2,7,1,12,22,8,0,0,0,1,0,33,5,5,Dropout
2,14,1,16,1,1,22,8,0,0,1,1,0,40,2,4,Non-Dropout
2,12,1,17,0,1,22,10,0,0,1,1,0,48,5,5,Non-Dropout
1,8,3,7,1,1,1,10,1,1,0,1,0,18,5,5,Non-Dropout
1,12,1,12,1,12,23,10,1,0,1,1,0,24,7,7,Non-Dropout
2,1,1,6,1,1,13,30,0,0,1,1,1,23,5,5,Non-Dropout
1,12,1,17,0,12,13,8,1,1,0,1,0,39,5,5,Dropout
1,9,1,4,1,1,1,10,0,0,1,1,0,21,11,9,Non-Dropout
1,13,1,7,1,6,20,7,1,0,1,1,0,34,6,5,Dropout
2,12,1,17,0,1,13,5,0,0,1,1,1,41,5,5,Non-Dropout
1,1,1,15,1,1,1,5,0,0,1,1,0,18,6,6,Non-Dropout
2,12,1,17,0,1,23,10,0,0,1,1,0,34,5,5,Non-Dropout
1,1,1,9,1,1,1,3,0,0,1,1,0,19,5,5,Dropout
1,1,1,12,1,1,13,4,0,0,1,1,0,19,8,8,Non-Dropout
1,4,1,4,1,4,1,5,0,0,1,1,0,28,6,6,Non-Dropout
1,8,1,5,1,1,1,6,1,0,1,1,0,18,6,6,Dropout
1,1,1,10,1,1,2,4,1,0,1,1,0,19,6,6,Dropout
1,8,2,6,1,1,13,10,1,1,0,1,0,19,6,6,Dropout
1,8,1,12,1,1,1,10,1,0,1,0,0,18,7,8,Non-Dropout
1,1,1,8,1,1,3,3,1,0,1,0,0,18,6,6,Non-Dropout
1,1,1,15,1,1,1,4,1,0,1,0,0,18,6,6,Dropout
1,15,2,10,1,14,3,5,1,0,1,0,0,19,6,6,Non-Dropout
2,4,1,10,1,3,22,29,0,0,1,0,0,31,6,6,Non-Dropout
1,12,1,3,0,1,22,10,0,0,1,0,1,33,6,6,Non-Dropout
1,1,3,12,1,1,3,19,1,0,1,0,1,20,7,7,Non-Dropout
1,15,1,6,1,14,13,7,1,0,1,0,0,22,6,6,Non-Dropout
1,8,1,11,1,1,1,4,1,0,1,0,0,19,6,6,Non-Dropout
1,1,3,5,1,1,19,1,1,0,1,0,0,18,6,6,Dropout
1,8,3,5,1,1,23,6,0,0,1,0,0,18,6,6,Dropout
1,1,5,14,1,1,13,10,1,0,0,0,0,18,6,6,Dropout
1,1,1,2,1,1,3,3,1,0,1,0,0,18,0,0,Non-Dropout
1,8,2,9,1,1,13,8,1,0,1,0,1,19,5,5,Non-Dropout
1,8,2,10,1,1,1,4,1,0,1,0,0,18,6,6,Dropout
1,8,1,6,1,1,3,6,1,0,1,0,0,18,5,5,Non-Dropout
1,8,6,12,1,1,22,10,1,0,1,0,1,18,8,8,Non-Dropout
1,17,1,10,1,16,22,10,1,0,1,0,0,21,9,9,Non-Dropout
1,1,1,12,1,1,13,6,0,0,1,0,1,18,8,8,Non-Dropout
1,8,3,14,1,1,1,4,1,0,1,0,0,18,6,6,Non-Dropout
1,1,2,12,1,1,13,10,1,0,1,0,0,18,7,8,Non-Dropout
1,8,1,12,1,1,13,5,1,0,1,0,0,20,7,8,Non-Dropout
1,8,1,9,1,1,1,5,0,0,1,0,1,18,5,5,Non-Dropout
1,1,2,15,1,1,13,5,1,0,1,0,0,18,6,6,Dropout
1,9,2,9,1,1,22,29,1,0,1,0,1,20,5,5,Non-Dropout
1,8,1,11,1,1,13,10,1,0,1,0,0,20,6,6,Non-Dropout
1,8,1,9,1,1,22,10,1,1,1,0,1,19,5,5,Dropout
1,16,1,5,1,1,3,4,0,0,1,0,1,19,11,11,Non-Dropout
1,8,4,14,1,1,13,10,1,1,0,0,1,18,6,6,Dropout
1,8,3,15,1,1,1,5,1,1,1,0,1,19,6,6,Non-Dropout
1,1,2,12,1,1,1,5,1,0,1,0,1,20,8,8,Non-Dropout
1,15,1,9,1,14,13,5,1,0,1,0,0,21,7,5,Non-Dropout
1,14,2,12,1,1,26,3,0,0,1,0,0,21,8,8,Non-Dropout
1,8,1,5,1,1,23,10,0,0,1,0,0,20,6,6,Non-Dropout
1,9,2,16,1,1,23,29,1,0,1,0,0,19,7,7,Non-Dropout
1,8,3,6,1,1,1,5,0,0,0,0,0,21,5,5,Dropout
1,1,1,6,1,1,18,5,0,0,1,0,0,18,5,5,Non-Dropout
1,1,5,11,1,1,13,10,0,0,1,0,1,19,6,6,Non-Dropout
1,8,2,12,1,1,13,10,1,0,1,0,0,18,7,8,Non-Dropout
1,1,4,12,1,1,1,10,1,0,1,0,1,19,8,8,Non-Dropout
1,1,2,9,1,1,1,5,1,0,1,0,1,18,5,5,Non-Dropout
1,1,1,16,1,1,13,6,0,0,1,0,1,18,6,6,Non-Dropout
1,1,1,15,1,1,22,9,0,0,1,0,0,18,6,6,Non-Dropout
1,8,1,6,1,1,1,10,1,0,1,0,1,18,5,5,Non-Dropout
1,8,1,5,1,1,23,8,1,0,1,0,0,18,6,6,Dropout
1,1,3,5,1,1,1,10,0,0,1,0,1,18,6,6,Non-Dropout
1,8,1,10,1,1,1,10,0,0,1,0,0,18,6,6,Dropout
1,1,1,10,1,1,1,5,0,0,1,0,0,18,6,6,Non-Dropout
1,13,1,6,1,1,1,5,1,0,1,0,1,20,2,6,Non-Dropout
1,1,1,16,1,1,3,3,0,0,1,0,0,18,6,6,Non-Dropout
1,8,4,5,1,1,1,5,1,0,1,0,0,18,6,6,Non-Dropout
1,9,6,12,1,1,22,10,0,0,1,0,1,20,8,8,Non-Dropout
4,14,1,14,1,1,22,10,0,0,1,0,0,40,8,7,Non-Dropout
1,1,6,12,1,1,23,10,1,0,1,0,1,18,7,8,Non-Dropout
1,1,5,11,1,1,13,5,1,0,1,0,0,19,6,6,Non-Dropout
1,4,1,17,0,15,1,5,0,0,1,0,0,24,5,5,Dropout
1,1,3,15,1,1,3,3,1,0,1,0,0,19,6,6,Dropout
1,1,6,12,1,1,2,5,1,0,1,0,0,19,8,8,Non-Dropout
1,1,1,12,1,1,1,10,1,0,1,0,1,20,7,8,Non-Dropout
1,1,1,12,1,1,23,6,0,0,1,0,0,18,7,8,Non-Dropout
1,1,1,2,1,1,1,5,1,0,1,0,1,18,0,0,Non-Dropout
1,8,2,12,1,1,13,5,1,0,1,0,0,19,7,8,Non-Dropout
1,8,3,12,1,1,3,5,1,0,1,0,0,18,7,8,Dropout
1,15,1,6,1,14,3,3,1,0,1,0,0,19,6,6,Non-Dropout
1,1,2,12,1,1,22,10,1,0,1,0,1,19,7,8,Non-Dropout
1,1,1,12,1,1,13,6,0,0,1,0,1,19,7,8,Non-Dropout
1,1,2,12,1,1,1,5,1,0,1,0,1,19,7,8,Dropout
1,1,1,12,1,1,1,2,0,0,1,0,0,19,7,7,Non-Dropout
1,12,1,14,1,9,1,2,1,1,0,0,0,25,5,5,Dropout
1,1,1,12,1,1,13,5,0,0,1,0,0,20,8,8,Non-Dropout
1,17,1,10,1,16,1,6,0,1,0,0,0,23,9,9,Dropout
1,1,1,5,1,1,13,8,0,0,1,0,0,20,6,6,Dropout
1,12,1,3,0,1,22,10,0,0,1,0,0,27,6,6,Non-Dropout
1,1,1,12,1,1,13,5,0,0,1,0,0,18,8,8,Non-Dropout
1,1,1,16,1,1,13,6,1,1,1,0,0,18,6,6,Non-Dropout
1,4,1,3,0,15,13,6,1,1,0,0,0,23,12,10,Dropout
1,1,6,12,1,1,23,6,1,0,1,0,1,19,7,7,Non-Dropout
1,1,1,9,1,1,22,4,0,0,1,0,0,18,5,5,Non-Dropout
1,14,1,12,1,1,1,10,1,0,1,0,0,20,7,8,Non-Dropout
1,1,2,14,1,1,13,10,1,0,1,0,0,18,6,6,Non-Dropout
1,1,1,12,1,1,1,5,1,0,1,0,1,19,8,8,Non-Dropout
1,15,1,10,1,14,13,9,1,0,1,0,1,19,6,6,Non-Dropout
1,1,1,16,1,1,23,6,0,0,1,0,0,19,6,6,Non-Dropout
1,1,1,6,1,1,3,2,0,0,1,0,0,18,5,5,Non-Dropout
1,1,1,10,1,1,22,10,0,0,1,0,0,18,6,6,Non-Dropout
1,1,2,15,1,1,13,5,1,0,1,0,0,18,6,6,Non-Dropout
1,2,1,16,1,1,13,10,0,0,0,0,0,28,11,8,Dropout
1,8,1,11,1,1,22,6,1,0,1,0,0,19,6,6,Dropout
1,14,1,2,1,1,3,3,1,1,1,0,0,20,0,0,Dropout
1,1,2,12,1,1,1,5,1,0,1,0,1,19,7,8,Non-Dropout
1,1,1,5,1,1,1,5,0,0,1,0,1,20,6,6,Non-Dropout
1,1,2,11,1,1,13,10,1,0,1,0,1,19,6,6,Non-Dropout
1,16,1,5,1,1,5,3,1,0,1,0,0,21,6,6,Non-Dropout
1,1,1,16,1,1,1,10,1,0,1,0,1,19,7,7,Non-Dropout
1,1,2,5,1,1,13,10,1,0,1,0,1,18,6,6,Non-Dropout
1,8,2,8,1,1,3,3,0,0,1,0,0,19,6,6,Dropout
1,8,1,14,1,1,10,10,0,0,1,0,1,19,6,6,Non-Dropout
1,1,1,15,1,1,23,18,0,1,1,0,0,20,6,6,Non-Dropout
1,8,2,16,1,1,1,5,1,0,1,0,0,18,7,7,Non-Dropout
1,14,1,2,1,1,13,6,0,0,1,0,0,18,0,0,Non-Dropout
1,8,1,8,1,1,1,5,0,0,1,0,0,18,5,5,Non-Dropout
1,8,3,15,1,1,13,6,0,0,1,0,0,18,6,6,Dropout
1,8,3,10,1,1,22,1,1,0,1,0,0,18,6,6,Non-Dropout
1,9,4,15,1,1,13,5,1,0,1,0,0,20,6,6,Dropout
1,8,3,12,1,1,13,10,1,0,1,0,1,19,7,8,Non-Dropout
1,1,1,16,1,1,22,10,1,1,0,0,0,21,6,6,Dropout
1,8,1,14,1,3,10,6,1,1,0,0,0,20,6,6,Dropout
1,1,1,11,1,1,22,10,1,0,1,0,0,18,6,6,Non-Dropout
1,1,1,15,1,1,1,6,0,0,1,0,1,20,6,6,Non-Dropout
1,1,2,12,1,1,13,2,1,0,1,0,1,19,8,8,Non-Dropout
1,1,1,6,1,6,13,10,1,0,1,0,0,22,5,5,Dropout
1,8,1,8,1,1,13,10,1,0,0,0,0,22,6,2,Dropout
1,1,2,16,1,1,23,8,1,0,1,0,0,18,6,6,Non-Dropout
1,14,1,9,1,1,3,10,0,0,1,0,0,21,10,10,Non-Dropout
1,1,1,10,1,1,13,1,1,0,1,0,0,19,6,6,Non-Dropout
1,1,4,2,1,1,22,10,1,0,1,0,0,19,0,0,Dropout
1,1,2,12,1,1,19,1,1,0,1,0,1,20,8,8,Dropout
1,1,3,12,1,1,23,9,1,1,1,0,1,18,7,8,Non-Dropout
1,16,1,17,0,16,13,6,0,0,0,0,0,22,12,5,Dropout
1,8,4,6,1,1,13,12,1,0,1,0,0,20,5,5,Non-Dropout
1,15,1,4,1,14,23,7,0,0,1,0,0,19,6,6,Non-Dropout
1,1,5,12,1,1,1,7,1,0,1,0,1,19,7,8,Non-Dropout
1,1,2,12,1,1,23,10,1,0,1,0,1,20,7,7,Non-Dropout
1,12,1,17,0,1,23,4,0,0,1,0,0,25,5,5,Non-Dropout
1,1,1,12,1,1,13,10,0,0,1,0,1,19,7,8,Non-Dropout
1,9,1,12,1,1,23,10,1,0,1,0,0,19,8,8,Non-Dropout
1,1,1,5,1,1,3,2,1,0,0,0,0,19,5,6,Dropout
1,1,1,12,1,1,23,10,0,0,1,0,0,20,7,8,Non-Dropout
1,12,2,13,1,1,22,10,1,0,1,0,0,25,7,8,Non-Dropout
1,8,1,12,1,1,13,6,1,0,1,0,1,20,7,7,Non-Dropout
1,12,1,10,1,1,23,10,1,0,1,0,0,24,6,6,Non-Dropout
1,1,3,14,1,1,1,6,0,0,1,0,0,20,5,5,Non-Dropout
1,13,1,12,1,1,1,5,1,0,1,0,0,21,7,8,Non-Dropout
1,15,1,4,1,14,22,10,0,1,1,0,1,19,6,6,Non-Dropout
1,1,1,15,1,1,23,10,0,0,1,0,1,19,6,6,Non-Dropout
1,1,2,14,1,1,22,10,0,0,1,0,1,21,5,5,Non-Dropout
1,12,1,12,1,3,3,3,0,0,1,0,0,28,7,8,Non-Dropout
1,1,1,10,1,1,22,10,1,1,0,0,1,19,6,6,Non-Dropout
1,1,1,9,1,1,22,10,0,0,1,0,1,18,5,5,Non-Dropout
5,8,5,12,1,1,22,6,1,0,1,0,1,18,8,8,Non-Dropout
1,1,3,12,1,1,13,8,1,0,1,0,1,18,8,8,Non-Dropout
1,13,1,12,1,1,1,10,1,0,1,0,0,22,8,8,Non-Dropout
1,1,1,9,1,1,22,32,1,0,1,0,0,19,5,5,Non-Dropout
1,1,1,12,1,1,13,10,0,0,1,0,1,18,7,8,Non-Dropout
1,8,1,11,1,1,22,6,0,0,0,0,0,20,6,6,Dropout
1,15,1,2,1,14,22,6,0,0,0,0,0,26,9,10,Dropout
1,1,3,5,1,1,22,10,1,0,1,0,1,18,6,6,Non-Dropout
1,1,1,11,1,1,1,5,1,0,1,0,1,21,6,6,Dropout
1,8,4,12,1,1,23,4,1,0,1,0,0,18,8,8,Non-Dropout
1,1,1,6,1,1,13,5,1,0,1,0,0,20,6,6,Non-Dropout
1,1,6,12,1,1,23,6,1,0,1,0,0,18,7,8,Non-Dropout
1,8,6,9,1,1,13,8,0,0,1,0,1,19,5,5,Non-Dropout
1,1,1,14,1,1,1,3,1,0,1,0,0,20,5,5,Dropout
1,1,1,16,1,1,13,10,0,1,1,0,1,18,6,6,Non-Dropout
1,7,2,9,1,1,22,10,1,0,1,0,1,20,5,5,Non-Dropout
1,1,2,3,0,1,13,1,1,0,1,0,0,22,6,6,Non-Dropout
1,1,1,2,1,1,13,5,1,0,1,0,0,18,0,0,Non-Dropout
1,16,1,17,0,1,13,6,0,0,1,0,0,21,5,5,Non-Dropout
1,9,2,16,1,1,1,10,0,0,1,0,0,18,7,7,Non-Dropout
1,1,1,12,1,1,13,5,0,0,1,0,0,18,8,8,Non-Dropout
1,1,1,5,1,1,10,5,0,0,1,0,1,18,6,6,Non-Dropout
1,8,1,2,1,1,22,10,1,0,1,0,0,19,0,0,Dropout
1,8,3,9,1,1,1,4,1,0,1,0,0,19,5,5,Non-Dropout
1,1,1,12,1,1,23,10,1,0,1,0,0,19,7,7,Non-Dropout
1,1,3,12,1,1,1,8,1,0,1,0,0,19,8,8,Non-Dropout
1,1,1,9,1,1,1,11,1,0,1,0,0,19,5,5,Non-Dropout
1,8,1,11,1,1,23,10,1,0,0,0,0,19,6,6,Dropout
1,7,4,11,1,1,23,10,1,0,1,0,1,21,6,6,Non-Dropout
1,1,2,15,1,1,1,10,0,0,1,0,1,20,6,6,Non-Dropout
1,1,1,9,1,1,13,4,1,0,1,0,1,20,5,5,Non-Dropout
1,12,1,17,0,12,22,10,0,0,1,0,0,41,5,5,Non-Dropout
4,4,1,12,1,15,22,4,1,0,1,0,0,32,7,7,Non-Dropout
1,8,3,12,1,1,23,10,1,0,1,0,0,18,8,8,Non-Dropout
4,12,1,3,0,1,22,4,0,0,1,0,1,35,6,6,Non-Dropout
1,12,1,12,1,1,22,10,0,1,0,0,0,32,7,7,Dropout
1,12,1,3,0,15,13,6,0,0,1,0,0,37,11,8,Non-Dropout
2,12,2,9,1,3,3,10,0,0,1,0,0,30,7,8,Dropout
1,14,2,15,1,1,13,1,0,0,1,1,0,23,6,6,Non-Dropout
1,8,2,15,1,1,3,3,1,0,1,0,1,20,6,6,Dropout
1,1,1,14,1,1,13,6,0,0,1,1,0,21,5,5,Non-Dropout
1,1,1,9,1,1,23,6,0,0,1,1,0,19,5,5,Non-Dropout
1,8,4,12,1,1,1,5,1,0,1,1,1,18,8,8,Non-Dropout
1,13,1,7,1,1,19,1,0,0,1,1,0,18,5,5,Dropout
1,12,1,17,0,1,1,5,0,0,1,1,0,24,5,5,Non-Dropout
1,9,1,14,1,1,1,10,1,0,1,1,0,22,6,6,Non-Dropout
1,8,4,11,1,1,13,6,1,0,1,1,0,18,6,6,Dropout
1,7,2,10,1,1,22,6,1,0,1,0,0,18,6,6,Non-Dropout
1,1,2,5,1,1,2,10,1,0,1,1,0,21,6,6,Non-Dropout
4,12,1,12,1,1,22,10,0,1,1,0,0,38,7,7,Dropout
1,9,1,13,1,1,23,10,0,0,1,0,1,19,7,8,Non-Dropout
6,12,1,12,1,1,22,10,0,0,1,0,0,36,7,7,Dropout
1,7,1,6,1,1,1,10,1,0,1,0,0,18,5,5,Non-Dropout
1,1,3,12,1,1,13,6,1,0,1,0,0,19,7,8,Non-Dropout
1,17,1,6,1,16,13,10,0,1,0,0,0,21,10,9,Dropout
1,1,2,12,1,1,13,30,1,0,1,0,0,19,7,8,Non-Dropout
1,1,1,10,1,1,13,10,0,0,1,0,1,18,6,6,Non-Dropout
2,4,1,12,1,3,22,10,1,0,1,0,0,45,11,10,Non-Dropout
1,8,1,9,1,1,22,10,1,0,1,0,0,20,5,5,Dropout
1,8,1,11,1,1,13,6,1,1,1,0,0,18,6,6,Non-Dropout
1,1,1,14,1,1,1,5,0,0,1,0,1,18,6,6,Non-Dropout
1,4,2,8,1,3,19,1,0,0,1,0,0,25,5,5,Dropout
1,1,6,12,1,1,1,5,1,0,1,0,0,19,8,8,Non-Dropout
1,1,1,2,1,1,13,8,1,0,1,0,1,18,0,0,Non-Dropout
1,4,1,11,1,15,1,4,0,0,1,0,0,39,13,12,Non-Dropout
2,12,1,4,1,1,23,10,0,0,1,0,0,29,18,13,Non-Dropout
1,8,1,16,1,1,13,5,1,0,1,0,0,18,7,7,Non-Dropout
1,4,1,5,1,3,22,10,0,0,0,0,0,23,3,6,Dropout
1,13,1,16,1,1,1,6,1,0,1,0,0,21,6,6,Dropout
1,1,1,10,1,1,1,5,0,0,0,0,0,18,6,6,Non-Dropout
1,4,1,6,1,15,1,6,1,0,1,0,0,23,6,6,Non-Dropout
1,1,1,8,1,1,1,5,0,0,1,0,0,18,6,6,Non-Dropout
2,12,1,3,0,12,22,5,0,0,1,0,0,32,6,6,Non-Dropout
2,12,2,9,1,1,13,10,0,1,0,0,0,29,5,5,Dropout
1,1,6,10,1,1,1,32,1,1,1,0,1,20,6,6,Non-Dropout
1,12,1,10,1,1,19,1,1,0,0,0,0,28,6,6,Dropout
1,4,1,9,1,3,23,2,0,0,1,0,0,27,5,5,Non-Dropout
1,14,2,12,1,1,22,12,0,1,1,0,0,22,14,14,Non-Dropout
2,12,1,4,1,12,13,10,0,1,1,0,0,37,6,6,Non-Dropout
1,4,1,3,0,3,22,1,0,0,0,0,0,28,6,6,Dropout
2,12,1,4,1,1,22,10,0,1,0,0,0,43,6,6,Dropout
1,14,1,13,1,1,22,10,1,0,0,0,0,32,7,8,Dropout
1,8,1,10,1,1,1,10,0,0,1,0,1,20,6,6,Non-Dropout
4,12,1,12,1,12,23,10,0,0,1,0,1,35,8,8,Non-Dropout
1,1,1,14,1,1,22,1,1,0,1,0,0,21,5,5,Non-Dropout
1,1,4,12,1,1,13,8,1,0,1,0,1,18,7,7,Non-Dropout
1,1,1,12,1,1,3,4,0,0,1,0,1,18,7,8,Non-Dropout
1,8,4,10,1,1,13,6,1,0,1,0,0,18,6,6,Non-Dropout
1,15,1,3,0,14,13,8,1,0,1,0,0,22,6,6,Non-Dropout
1,1,2,12,1,1,1,5,1,0,1,0,0,19,8,8,Non-Dropout
1,9,2,9,1,1,13,10,1,0,1,0,1,18,5,5,Non-Dropout
1,1,2,2,1,1,24,4,1,1,1,0,0,19,0,0,Dropout
1,1,1,12,1,1,13,10,0,0,1,0,1,18,7,8,Non-Dropout
2,12,1,17,0,12,13,6,0,1,0,0,0,31,5,5,Dropout
2,12,1,3,0,12,1,2,0,1,1,0,1,33,6,6,Non-Dropout
1,1,3,12,1,1,13,8,1,0,1,0,1,19,8,8,Non-Dropout
1,8,1,10,1,1,23,8,1,0,1,0,1,18,6,6,Non-Dropout
1,1,1,9,1,1,7,5,0,0,1,0,0,23,5,5,Non-Dropout
1,8,1,10,1,1,23,6,1,0,1,0,0,20,6,6,Non-Dropout
1,1,5,12,1,1,23,5,1,0,1,0,0,18,8,8,Non-Dropout
1,17,1,6,1,16,1,5,1,1,1,0,0,21,9,9,Non-Dropout
1,1,1,10,1,1,13,6,0,0,1,0,1,22,6,6,Non-Dropout
1,1,1,10,1,1,1,5,1,1,1,0,0,20,6,6,Non-Dropout
1,4,1,12,1,3,13,5,1,0,1,0,0,23,7,7,Non-Dropout
1,8,2,15,1,1,3,5,1,0,1,0,0,19,6,6,Non-Dropout
1,8,6,12,1,1,1,2,1,0,1,0,0,19,8,8,Non-Dropout
1,12,1,17,0,1,13,8,0,0,1,0,0,26,5,5,Dropout
1,1,6,12,1,1,1,5,1,0,1,0,0,18,7,8,Non-Dropout
1,9,1,7,1,1,1,8,1,0,1,1,0,18,5,5,Dropout
1,15,1,4,1,14,23,10,1,0,1,1,0,20,6,6,Non-Dropout
1,1,1,14,1,1,3,5,0,0,1,1,0,19,6,6,Dropout
1,14,1,17,0,1,22,10,0,0,0,1,0,32,9,4,Dropout
2,12,1,8,1,1,13,5,0,0,0,1,0,31,4,5,Dropout
1,12,1,7,1,12,1,5,0,0,1,1,0,25,5,5,Non-Dropout
1,13,1,6,1,14,13,10,1,0,1,0,0,21,6,6,Non-Dropout
2,14,1,17,0,1,22,5,0,0,0,0,0,31,6,5,Dropout
2,12,1,16,1,1,22,6,0,0,1,0,0,34,7,7,Dropout
1,1,1,10,1,1,13,10,0,0,1,0,1,18,6,6,Non-Dropout
1,1,3,10,1,1,13,10,1,1,1,0,0,19,6,6,Dropout
1,17,1,14,1,16,13,4,1,1,1,0,0,21,6,6,Non-Dropout
1,1,2,16,1,1,23,6,1,0,0,0,0,18,6,6,Dropout
1,1,1,11,1,1,13,5,1,0,1,0,0,20,6,6,Non-Dropout
1,14,1,15,1,1,23,10,1,0,1,0,0,20,6,6,Non-Dropout
1,8,3,14,1,1,23,8,1,0,1,0,1,18,6,6,Non-Dropout
1,1,1,10,1,1,23,8,1,0,1,0,0,19,6,6,Non-Dropout
1,14,1,6,1,1,13,6,1,0,1,0,0,19,5,5,Non-Dropout
4,12,1,8,1,1,3,6,1,0,1,0,1,30,6,6,Dropout
1,8,1,10,1,1,13,6,1,0,1,0,0,19,6,6,Non-Dropout
1,1,3,13,1,1,23,8,1,0,1,0,0,19,7,8,Non-Dropout
1,1,4,12,1,1,1,5,1,0,1,0,1,19,8,8,Non-Dropout
1,1,1,6,1,1,13,10,1,0,1,0,0,19,6,6,Non-Dropout
1,1,3,10,1,1,1,4,1,0,1,0,0,20,6,6,Non-Dropout
1,13,1,7,1,1,13,10,0,1,1,1,0,25,5,6,Dropout
1,1,2,15,1,1,13,10,0,0,1,1,0,19,6,6,Dropout
2,12,1,16,1,1,22,8,0,1,1,0,1,34,6,6,Non-Dropout
1,9,2,12,1,1,23,10,1,0,1,0,1,18,8,8,Non-Dropout
1,1,6,12,1,1,1,5,1,0,1,0,1,18,8,8,Non-Dropout
1,1,1,14,1,1,23,10,0,0,1,0,0,20,6,6,Non-Dropout
1,8,2,12,1,1,13,10,1,0,1,0,1,20,8,8,Non-Dropout
1,17,1,17,0,1,23,29,0,1,1,0,0,23,11,9,Non-Dropout
1,12,1,14,1,1,22,7,0,0,1,0,0,28,6,6,Dropout
1,8,1,15,1,1,22,10,0,0,1,0,0,18,6,6,Non-Dropout
1,14,1,9,1,1,13,10,1,0,1,0,0,19,5,5,Non-Dropout
2,1,1,9,1,1,23,10,1,0,1,0,0,34,5,5,Dropout
2,16,1,16,1,1,22,8,0,0,1,0,0,35,7,6,Dropout
1,4,1,17,0,15,22,10,0,0,1,0,0,32,5,5,Non-Dropout
1,8,2,11,1,1,13,5,1,0,1,0,0,19,6,6,Non-Dropout
1,8,5,14,1,1,1,10,1,0,1,0,0,18,6,6,Non-Dropout
2,12,1,9,1,1,22,10,0,0,0,0,0,35,5,5,Dropout
1,12,1,3,0,1,1,5,0,0,1,1,1,24,6,6,Non-Dropout
1,8,1,10,1,1,13,10,1,0,1,0,1,20,6,6,Non-Dropout
1,1,3,15,1,1,13,5,1,0,1,1,1,18,6,6,Non-Dropout
1,1,3,12,1,1,23,8,1,0,1,1,1,20,8,8,Non-Dropout
1,8,5,11,1,1,1,5,1,0,0,1,0,18,6,6,Dropout
1,1,1,7,1,1,13,5,0,0,1,1,1,18,5,5,Non-Dropout
1,1,1,14,1,1,13,6,0,0,1,1,1,20,5,5,Non-Dropout
1,8,2,16,1,1,13,4,1,0,1,1,0,19,7,7,Dropout
1,1,2,5,1,1,1,5,1,0,1,1,1,20,6,6,Non-Dropout
1,1,1,10,1,1,13,10,0,0,1,1,0,19,6,6,Non-Dropout
1,1,1,15,1,1,21,1,1,0,1,1,0,20,6,6,Non-Dropout
1,1,1,12,1,1,13,10,1,0,1,1,0,22,7,8,Non-Dropout
1,8,2,7,1,1,1,10,0,0,1,1,1,18,5,6,Non-Dropout
1,1,1,12,1,1,23,10,0,0,1,1,0,19,8,8,Non-Dropout
1,15,1,4,1,14,1,10,0,0,1,1,0,22,6,6,Dropout
1,8,5,7,1,1,4,3,1,0,1,1,0,20,5,5,Non-Dropout
2,12,1,4,1,1,1,10,0,1,0,1,0,34,6,6,Dropout
2,12,1,3,0,12,1,5,0,0,1,1,0,24,6,5,Dropout
1,12,2,14,1,1,19,1,1,0,1,1,0,26,5,5,Dropout
1,12,1,12,1,1,22,10,0,0,1,1,0,35,7,7,Dropout
1,1,1,17,0,1,2,5,1,0,1,1,0,22,5,5,Non-Dropout
1,9,1,11,1,1,23,6,1,0,1,1,0,26,6,6,Non-Dropout
1,8,1,9,1,1,1,4,0,0,1,1,0,19,5,5,Dropout
1,1,5,11,1,1,3,4,1,0,0,1,0,19,6,6,Dropout
1,15,1,2,1,14,3,3,0,1,1,1,0,20,0,0,Non-Dropout
1,16,1,14,1,1,3,2,0,1,1,1,0,21,11,8,Non-Dropout
1,1,2,15,1,1,1,8,1,0,1,0,1,19,6,6,Non-Dropout
1,1,3,15,1,1,13,10,1,0,1,0,0,18,6,6,Non-Dropout
1,17,1,4,1,16,1,9,0,0,1,0,1,23,12,10,Non-Dropout
1,8,3,9,1,1,13,6,1,0,1,0,1,18,5,5,Non-Dropout
1,9,1,12,1,1,22,6,1,0,1,0,0,18,8,8,Non-Dropout
1,1,3,12,1,1,23,10,1,0,1,0,0,19,8,8,Non-Dropout
1,17,1,9,1,16,1,21,1,0,1,0,0,21,11,9,Non-Dropout
1,1,1,6,1,1,22,10,1,0,1,0,1,18,6,6,Non-Dropout
1,1,1,15,1,1,23,10,1,0,1,0,1,24,6,6,Non-Dropout
1,1,4,12,1,1,3,3,1,0,1,0,0,18,7,8,Dropout
1,1,1,14,1,1,13,6,1,0,1,0,0,18,6,6,Non-Dropout
1,8,2,12,1,1,13,10,1,0,1,0,0,20,7,8,Non-Dropout
1,8,2,6,1,1,1,5,1,0,1,0,0,19,5,5,Non-Dropout
1,1,5,15,1,1,19,1,1,0,0,0,1,18,6,6,Dropout
1,14,1,11,1,1,1,6,0,0,1,0,1,19,6,6,Dropout
1,8,2,16,1,1,1,5,1,0,1,0,0,19,6,6,Non-Dropout
1,1,5,10,1,3,1,10,0,1,1,0,0,18,6,6,Non-Dropout
1,1,2,16,1,1,13,32,1,0,1,0,0,20,7,7,Non-Dropout
1,1,5,12,1,1,23,10,1,0,1,0,1,18,8,8,Non-Dropout
1,8,6,13,1,1,23,6,1,0,1,0,1,19,7,7,Non-Dropout
1,8,3,9,1,1,3,3,1,0,1,0,0,18,5,5,Non-Dropout
1,1,2,12,1,1,22,10,1,0,1,0,0,18,7,7,Non-Dropout
1,1,1,6,1,1,1,5,1,0,1,0,0,21,6,6,Non-Dropout
1,8,1,11,1,1,19,1,1,1,0,0,0,19,6,6,Dropout
1,1,4,12,1,1,1,4,1,0,1,0,0,21,7,8,Non-Dropout
1,1,1,6,1,1,4,3,0,0,1,0,0,18,6,6,Non-Dropout
1,8,3,13,1,1,13,10,0,0,1,0,1,18,7,8,Non-Dropout
1,1,1,12,1,1,1,4,0,0,1,0,0,18,7,8,Non-Dropout
1,1,1,8,1,1,3,2,0,0,0,0,0,23,5,5,Dropout
1,1,1,10,1,1,13,8,1,0,1,0,0,20,6,6,Non-Dropout
1,1,1,12,1,1,23,6,0,0,1,0,0,18,7,8,Non-Dropout
1,8,2,16,1,1,1,3,1,0,1,0,0,19,6,6,Non-Dropout
1,12,1,12,1,1,1,4,0,0,1,0,1,27,7,7,Non-Dropout
1,8,1,9,1,1,22,10,1,1,0,0,1,19,5,5,Non-Dropout
1,14,1,8,1,1,1,10,1,0,1,0,0,21,6,6,Dropout
1,9,1,12,1,1,22,8,1,0,1,0,1,19,8,8,Non-Dropout
1,15,1,10,1,1,22,7,0,0,1,0,1,21,6,6,Non-Dropout
1,1,5,15,1,1,13,10,1,0,1,0,0,18,6,6,Non-Dropout
1,8,1,6,1,1,13,8,1,0,1,0,1,20,5,5,Non-Dropout
1,1,1,16,1,1,22,10,1,0,1,0,1,18,6,6,Non-Dropout
1,8,1,5,1,1,1,5,1,1,0,0,1,18,6,6,Dropout
1,1,3,6,1,1,1,5,1,0,1,0,0,18,6,6,Non-Dropout
1,8,4,15,1,1,1,4,1,0,1,0,1,18,6,6,Non-Dropout
1,1,3,12,1,1,1,8,1,0,1,0,1,19,7,7,Non-Dropout
1,17,1,6,1,16,13,9,1,1,0,0,0,23,11,9,Non-Dropout
1,12,1,6,1,12,13,5,1,0,1,0,1,24,6,6,Non-Dropout
1,1,1,2,1,1,1,4,1,0,1,0,0,19,0,0,Non-Dropout
1,1,3,12,1,1,13,10,1,0,1,0,0,18,8,8,Non-Dropout
1,1,2,5,1,1,1,5,0,0,1,0,0,19,6,6,Non-Dropout
1,8,2,16,1,1,23,5,1,0,1,0,0,19,6,6,Dropout
1,1,1,10,1,1,1,6,0,0,1,0,1,20,6,6,Non-Dropout
1,1,1,6,1,1,1,5,0,0,1,0,0,20,6,6,Non-Dropout
1,12,1,15,1,1,19,1,0,0,1,0,0,26,6,6,Dropout
1,12,1,11,1,12,13,10,0,1,0,1,0,36,5,5,Dropout
1,8,1,2,1,1,1,5,0,0,0,1,0,19,0,0,Dropout
1,13,1,7,1,1,13,10,0,0,0,1,0,27,5,5,Dropout
1,1,4,7,1,1,3,15,0,0,1,1,0,18,5,5,Dropout
1,1,4,12,1,1,22,10,1,0,1,1,1,18,8,8,Non-Dropout
1,12,1,5,1,1,23,6,0,0,1,1,0,28,6,6,Dropout
1,15,1,2,1,14,13,10,1,0,1,1,0,21,0,0,Non-Dropout
1,1,1,12,1,1,13,5,0,0,1,1,0,19,7,7,Non-Dropout
1,12,1,14,1,7,6,4,0,1,0,1,0,26,5,5,Dropout
1,16,1,7,1,1,1,4,1,0,1,1,0,20,9,7,Dropout
1,1,6,12,1,1,23,10,1,0,1,1,0,19,8,8,Non-Dropout
1,1,1,9,1,1,13,8,1,0,1,1,0,21,5,5,Dropout
1,17,1,14,1,16,1,10,0,0,1,1,1,23,6,6,Non-Dropout
1,12,1,3,0,13,23,5,0,0,1,1,0,29,6,6,Non-Dropout
1,1,1,12,1,1,1,10,0,0,1,1,0,20,8,8,Non-Dropout
1,1,1,10,1,1,1,6,0,0,1,1,0,18,6,6,Non-Dropout
1,1,1,15,1,1,1,4,1,0,1,1,0,19,6,6,Non-Dropout
1,4,1,13,1,3,1,5,0,0,0,1,0,23,7,8,Dropout
1,1,1,2,1,1,23,6,0,0,1,1,0,21,0,0,Dropout
1,8,1,9,1,1,1,10,1,0,1,1,0,18,5,5,Non-Dropout
1,1,1,2,1,1,22,8,1,0,1,1,1,18,0,0,Non-Dropout
1,1,5,5,1,1,13,6,1,1,0,1,0,21,6,6,Dropout
1,16,1,10,1,1,1,6,0,0,1,1,0,22,6,6,Dropout
1,9,1,13,1,1,3,3,1,0,1,1,0,21,7,7,Non-Dropout
1,12,1,12,1,1,23,10,1,0,0,1,0,32,7,8,Dropout
1,4,1,4,1,3,1,5,1,0,1,1,0,27,18,13,Non-Dropout
1,1,1,12,1,1,13,10,1,0,1,1,0,18,7,7,Non-Dropout
1,12,1,5,1,1,1,6,1,0,1,1,1,24,6,6,Non-Dropout
1,1,1,8,1,1,13,2,1,0,1,1,0,22,5,5,Dropout
1,14,1,8,1,1,2,4,1,0,0,1,0,22,6,4,Dropout
1,1,3,9,1,1,22,10,1,0,1,1,0,19,5,5,Non-Dropout
1,8,6,7,1,1,22,5,1,0,1,1,0,19,5,5,Dropout
1,1,2,6,1,1,1,4,1,0,1,1,0,21,5,5,Non-Dropout
1,1,2,12,1,1,1,3,1,0,1,0,1,18,8,8,Non-Dropout
1,1,2,11,1,1,3,4,1,0,1,0,0,18,6,6,Non-Dropout
1,1,1,2,1,1,13,10,1,1,1,0,0,20,0,0,Dropout
1,8,1,10,1,1,1,5,1,0,1,0,0,19,6,6,Non-Dropout
1,8,5,15,1,1,23,29,1,1,1,0,0,19,6,6,Non-Dropout
1,8,1,11,1,1,10,10,1,0,1,0,1,18,6,6,Non-Dropout
1,1,1,8,1,1,1,4,1,0,1,0,0,20,6,6,Non-Dropout
1,15,1,5,1,14,10,4,0,1,1,0,1,22,7,9,Non-Dropout
2,12,1,13,1,12,22,10,0,0,1,0,0,31,7,7,Non-Dropout
1,8,1,16,1,1,13,10,0,0,1,0,1,19,7,7,Non-Dropout
1,1,2,2,1,1,1,4,1,0,1,0,0,18,0,0,Non-Dropout
1,1,2,11,1,1,23,10,1,0,1,0,1,18,6,6,Non-Dropout
1,1,1,6,1,1,10,2,0,0,1,0,0,21,5,5,Non-Dropout
1,8,5,12,1,1,23,10,1,0,1,0,1,18,7,8,Non-Dropout
1,15,1,9,1,14,2,3,0,1,0,1,0,25,5,5,Dropout
1,6,1,7,1,1,1,6,0,1,1,1,0,21,5,6,Dropout
1,9,2,12,1,1,23,6,1,0,1,0,1,19,8,8,Non-Dropout
1,1,2,15,1,1,23,10,1,0,1,0,0,19,6,6,Non-Dropout
1,8,1,11,1,1,9,6,1,0,1,0,0,22,6,6,Dropout
1,6,1,9,1,1,23,10,0,0,1,1,0,19,5,5,Non-Dropout
1,12,1,3,0,12,22,10,0,0,1,0,0,58,6,6,Dropout
1,7,2,10,1,1,13,10,1,0,1,0,1,19,6,6,Non-Dropout
1,14,1,14,1,1,22,10,1,0,1,1,0,23,9,10,Non-Dropout
1,1,2,15,1,1,22,10,1,0,1,0,1,19,6,6,Non-Dropout
1,9,3,12,1,1,13,5,1,0,1,0,0,18,7,8,Non-Dropout
1,1,2,6,1,1,13,12,0,0,1,0,0,20,5,5,Non-Dropout
1,8,5,6,1,1,13,12,0,0,0,0,0,18,6,6,Dropout
1,8,1,14,1,1,3,6,0,0,1,0,0,18,6,6,Non-Dropout
1,8,4,9,1,1,13,6,1,1,1,0,1,18,5,5,Non-Dropout
1,12,1,8,1,1,23,10,0,0,1,0,0,24,6,6,Dropout
1,8,4,16,1,1,22,10,1,0,1,0,0,18,6,6,Dropout
1,1,3,9,1,1,1,6,1,0,1,0,1,19,5,5,Non-Dropout
1,8,3,10,1,1,13,10,1,0,1,0,1,19,6,6,Non-Dropout
1,1,1,11,1,1,23,7,1,0,1,0,0,18,6,6,Non-Dropout
1,1,2,8,1,1,13,10,1,0,1,0,0,18,5,5,Non-Dropout
1,1,1,2,1,1,13,6,1,0,1,0,1,19,0,0,Non-Dropout
1,15,1,6,1,1,4,3,0,0,1,0,0,22,6,6,Non-Dropout
1,1,1,11,1,1,2,2,1,0,1,0,0,19,6,6,Non-Dropout
3,8,1,10,1,1,22,10,1,0,1,0,1,21,6,6,Non-Dropout
1,8,1,15,1,1,13,10,1,0,1,0,1,21,6,6,Non-Dropout
1,1,3,12,1,1,23,6,1,0,1,0,1,18,8,8,Non-Dropout
1,1,5,16,1,1,1,5,1,0,1,0,0,20,6,6,Dropout
1,1,3,11,1,1,22,8,1,0,1,0,1,18,6,6,Non-Dropout
1,7,3,5,1,1,1,5,1,0,1,0,0,19,6,6,Non-Dropout
1,1,2,12,1,1,1,10,1,0,1,0,1,18,7,8,Non-Dropout
1,6,1,9,1,1,26,4,0,1,0,1,0,26,7,6,Dropout
1,6,1,7,1,1,1,21,0,1,1,0,0,19,6,5,Non-Dropout
2,12,1,3,0,1,22,10,0,0,1,0,0,35,6,6,Non-Dropout
1,9,1,14,1,1,1,10,1,0,1,0,1,19,6,6,Non-Dropout
1,1,1,6,1,1,23,10,1,0,1,1,0,18,5,5,Non-Dropout
1,1,5,14,1,1,13,8,0,0,1,1,0,19,5,5,Non-Dropout
1,1,1,2,1,1,1,10,1,0,1,1,0,25,17,17,Non-Dropout
1,8,6,11,1,1,1,5,1,0,1,1,0,18,6,6,Non-Dropout
1,8,1,4,1,1,1,10,1,1,0,1,0,26,6,6,Dropout
1,14,1,17,0,1,1,7,0,0,1,1,0,34,5,5,Non-Dropout
1,1,2,11,1,1,4,5,1,0,0,1,0,18,5,5,Dropout
1,1,1,2,1,1,3,4,0,0,0,1,0,18,0,0,Dropout
1,8,3,7,1,1,1,5,1,0,1,1,1,18,5,5,Dropout
1,15,1,4,1,14,22,10,0,0,1,1,0,20,6,6,Dropout
1,15,1,5,1,14,1,5,0,0,1,1,0,25,7,9,Non-Dropout
1,8,1,8,1,1,2,5,0,0,1,1,0,18,6,6,Dropout
1,1,1,4,1,1,13,10,1,0,1,1,0,19,12,12,Non-Dropout
1,1,1,2,1,1,1,5,1,0,1,1,0,20,0,0,Dropout
1,9,2,10,1,1,13,6,1,0,1,1,1,20,7,6,Non-Dropout
1,1,1,7,1,1,3,3,0,0,1,1,0,20,5,5,Non-Dropout
1,1,2,9,1,1,1,5,1,0,1,1,1,19,5,5,Dropout
1,1,1,9,1,1,1,5,0,0,1,1,0,20,5,5,Non-Dropout
1,1,6,12,1,1,1,4,1,0,1,1,0,18,7,8,Non-Dropout
1,1,1,14,1,1,2,21,1,0,1,1,0,19,6,6,Non-Dropout
1,9,1,9,1,1,22,8,1,0,0,1,0,20,5,5,Dropout
1,12,1,14,1,1,23,8,0,0,1,1,0,24,6,6,Dropout
1,15,1,4,1,14,23,10,1,0,1,1,0,20,6,6,Non-Dropout
1,1,3,14,1,1,3,3,1,0,1,1,0,19,5,5,Non-Dropout
1,16,1,7,1,1,1,5,0,0,1,1,0,23,5,5,Dropout
1,8,2,11,1,1,13,5,1,0,1,1,0,20,6,6,Non-Dropout
1,14,4,3,0,1,19,1,0,0,1,1,0,21,11,11,Non-Dropout
1,8,2,7,1,1,8,10,1,0,1,1,0,20,5,5,Dropout
2,8,5,7,1,1,22,5,1,0,1,1,0,21,5,5,Non-Dropout
1,1,1,15,1,1,1,10,0,0,1,1,1,18,6,6,Non-Dropout
1,1,3,11,1,1,1,5,1,0,1,1,0,18,6,6,Non-Dropout
1,8,1,9,1,1,3,4,1,0,1,1,0,18,5,5,Non-Dropout
1,15,1,4,1,14,3,8,1,0,1,1,0,20,6,6,Non-Dropout
1,8,1,15,1,1,13,5,0,0,1,1,1,18,6,6,Non-Dropout
1,8,1,15,1,1,22,1,1,0,1,1,0,19,6,6,Dropout
1,8,1,7,1,1,1,10,1,0,1,1,0,20,5,5,Non-Dropout
1,8,1,8,1,1,13,5,0,0,1,1,0,19,5,5,Non-Dropout
1,12,1,17,0,1,22,10,1,1,1,1,0,33,5,5,Dropout
1,16,1,2,1,1,2,4,1,0,1,1,0,21,12,11,Non-Dropout
2,12,1,4,1,1,1,5,0,1,0,1,0,25,6,6,Dropout
1,1,1,6,1,1,1,5,1,0,1,1,1,20,6,6,Dropout
1,17,1,6,1,16,1,10,1,0,1,1,1,22,7,8,Dropout
4,12,1,15,1,12,22,10,0,0,1,0,0,39,6,6,Non-Dropout
1,1,2,14,1,1,3,3,1,0,1,1,1,21,6,6,Non-Dropout
1,8,1,11,1,1,1,10,0,0,1,0,1,19,6,6,Non-Dropout
1,12,1,12,1,12,22,10,0,0,1,0,1,26,7,7,Non-Dropout
1,9,2,10,1,1,13,5,1,0,1,0,1,19,6,6,Non-Dropout
1,17,1,6,1,16,1,5,1,0,0,0,1,20,12,9,Non-Dropout
1,8,1,14,1,1,1,5,1,0,1,0,1,25,6,6,Non-Dropout
1,14,1,3,0,1,13,9,0,0,1,1,0,24,6,6,Dropout
1,8,6,7,1,1,13,5,1,0,1,1,0,20,5,5,Non-Dropout
2,12,1,4,1,1,22,10,0,0,1,1,0,29,6,6,Non-Dropout
1,1,1,15,1,1,1,10,0,0,1,1,0,20,6,6,Non-Dropout
1,15,1,8,1,14,3,3,1,0,1,1,0,20,6,6,Dropout
1,12,1,14,1,12,13,6,1,0,1,1,1,24,6,6,Non-Dropout
1,12,1,12,1,12,1,3,0,1,1,1,0,24,7,7,Dropout
1,4,1,7,1,15,3,3,0,0,1,1,0,23,5,5,Non-Dropout
1,14,1,13,1,1,1,6,1,0,1,1,0,20,7,8,Non-Dropout
1,8,2,14,1,1,1,5,1,0,1,1,0,19,6,6,Non-Dropout
4,12,1,4,1,1,22,10,0,0,1,1,0,28,6,6,Non-Dropout
1,15,1,4,1,14,1,5,1,0,1,1,1,20,6,6,Non-Dropout
1,1,1,5,1,1,23,4,0,0,1,1,0,18,6,6,Non-Dropout
1,1,1,14,1,1,1,12,1,1,1,1,0,20,6,6,Dropout
2,12,1,17,0,1,22,6,1,0,1,1,0,33,5,5,Non-Dropout
2,12,1,12,1,1,22,29,0,0,1,0,0,35,7,7,Non-Dropout
1,12,1,12,1,15,22,10,0,0,1,0,0,27,8,8,Non-Dropout
1,8,5,15,1,1,23,8,1,0,0,0,0,19,6,6,Dropout
1,12,1,17,0,1,22,10,0,0,1,0,1,31,5,5,Non-Dropout
1,1,1,2,1,1,13,8,1,0,1,1,0,19,0,0,Non-Dropout
1,14,1,5,1,1,13,8,1,0,1,1,0,22,13,12,Non-Dropout
1,14,1,12,1,1,1,7,0,0,1,0,0,39,7,8,Dropout
1,8,1,11,1,1,1,5,1,0,0,1,0,22,1,6,Dropout
2,12,1,17,0,1,22,10,0,0,1,1,0,47,5,5,Non-Dropout
1,8,1,2,1,1,13,6,1,0,1,1,1,19,0,0,Non-Dropout
1,5,1,11,1,1,3,10,1,0,1,0,0,19,6,6,Non-Dropout
1,8,1,12,1,1,13,10,1,0,1,0,0,19,7,8,Dropout
1,1,1,2,1,1,13,10,1,0,1,0,1,21,17,17,Non-Dropout
1,4,1,12,1,5,13,5,1,0,0,0,0,39,7,8,Dropout
1,8,1,2,1,1,13,5,1,0,1,1,0,19,12,11,Non-Dropout
1,1,1,2,1,1,22,10,0,0,1,1,1,20,0,0,Non-Dropout
1,12,1,9,1,9,1,10,1,1,0,1,0,24,5,5,Dropout
1,12,1,17,0,1,13,10,1,0,1,1,0,27,5,5,Dropout
2,12,1,17,0,1,22,10,0,0,1,1,0,29,5,5,Non-Dropout
1,8,1,6,1,1,13,10,1,0,1,1,0,20,6,6,Dropout
1,1,1,14,1,1,13,8,0,0,1,1,0,21,5,5,Dropout
1,1,1,2,1,1,3,3,1,0,1,1,0,18,0,0,Non-Dropout
1,1,1,12,1,1,1,5,0,0,1,1,0,19,8,8,Non-Dropout
1,8,1,15,1,1,1,6,0,1,0,1,0,19,6,6,Dropout
1,12,1,7,1,1,22,10,0,0,1,1,1,28,5,5,Non-Dropout
1,6,1,11,1,1,13,10,1,0,0,0,0,21,6,6,Non-Dropout
1,5,1,12,1,1,3,3,1,1,0,0,0,23,8,8,Dropout
4,12,1,4,1,1,13,10,0,0,1,0,0,39,6,6,Non-Dropout
1,8,3,12,1,1,23,10,1,0,1,0,0,18,7,7,Non-Dropout
2,6,1,15,1,1,22,10,0,0,1,0,0,59,6,6,Non-Dropout
1,4,1,7,1,4,4,3,0,1,1,1,0,30,5,5,Non-Dropout
1,1,1,6,1,1,1,10,1,0,1,0,0,18,5,5,Non-Dropout
2,15,1,17,0,14,22,10,0,0,1,0,0,41,6,7,Non-Dropout
1,12,1,12,1,1,22,10,1,0,1,0,0,27,7,7,Dropout
1,1,1,10,1,1,23,10,1,0,1,0,1,18,6,6,Non-Dropout
1,9,5,16,1,1,23,8,1,1,0,0,0,20,6,6,Dropout
2,12,1,7,1,3,22,5,0,0,0,0,0,32,5,5,Dropout
1,8,1,9,1,1,23,4,1,0,1,0,0,19,5,5,Dropout
2,12,1,16,1,9,22,8,0,0,1,0,0,41,6,6,Dropout
4,8,5,3,0,1,13,12,0,0,1,0,0,38,5,5,Dropout
1,4,1,8,1,2,27,5,0,0,1,1,0,35,7,6,Dropout
1,12,1,3,0,1,19,1,1,0,1,0,0,27,6,6,Dropout
1,8,1,5,1,1,1,5,1,0,1,0,0,19,6,6,Non-Dropout
1,9,1,15,1,1,13,10,0,0,0,0,0,18,6,6,Non-Dropout
2,12,1,17,0,7,19,1,0,0,0,0,0,39,5,5,Dropout
2,4,1,11,1,2,22,10,0,0,0,0,0,37,5,5,Dropout
5,12,1,12,1,1,23,10,0,0,0,0,0,37,8,8,Dropout
2,14,1,3,0,1,19,1,0,0,1,0,1,35,16,13,Non-Dropout
1,14,1,9,1,1,22,10,0,0,1,0,0,49,13,9,Non-Dropout
1,4,1,9,1,15,22,10,0,0,1,0,0,52,15,12,Non-Dropout
1,1,2,6,1,1,1,6,1,0,1,0,0,18,5,5,Non-Dropout
1,12,1,3,0,1,22,10,0,0,1,0,1,30,7,6,Non-Dropout
1,1,2,12,1,1,1,3,1,0,1,0,0,21,7,8,Non-Dropout
1,1,1,7,1,1,22,10,1,0,1,1,0,20,5,5,Dropout
1,8,1,9,1,1,1,7,1,1,1,1,0,18,5,5,Non-Dropout
1,7,1,2,1,1,22,10,1,0,1,1,0,19,0,0,Dropout
1,1,3,12,1,1,3,3,1,0,1,1,0,18,8,8,Non-Dropout
1,6,1,1,1,1,2,3,0,0,1,1,0,20,7,7,Non-Dropout
1,8,1,8,1,1,23,6,1,0,1,0,0,21,6,6,Non-Dropout
1,1,4,9,1,1,1,4,1,0,1,0,1,22,5,5,Non-Dropout
1,15,1,8,1,14,13,6,1,1,0,0,0,20,6,6,Non-Dropout
1,8,4,6,1,1,22,4,0,0,1,0,0,20,6,6,Non-Dropout
1,8,6,10,1,1,1,8,1,0,1,0,1,19,6,6,Non-Dropout
1,8,5,12,1,1,13,10,1,0,1,0,1,18,7,8,Non-Dropout
1,1,2,9,1,1,1,5,1,0,1,1,0,21,5,5,Non-Dropout
1,6,1,13,1,1,13,10,0,1,1,0,0,19,7,7,Non-Dropout
1,14,1,8,1,1,22,10,0,0,1,0,0,37,6,6,Dropout
2,1,1,3,0,1,22,10,1,0,1,0,0,45,12,7,Non-Dropout
1,12,1,4,1,12,22,10,0,1,0,1,0,38,6,6,Dropout
6,12,1,17,0,9,22,12,1,0,0,1,0,55,5,5,Dropout
5,12,1,4,1,1,22,10,0,1,0,0,0,28,6,6,Dropout
5,4,1,17,0,2,22,7,0,0,1,0,0,46,8,9,Non-Dropout
1,1,4,2,1,1,13,5,1,0,1,0,0,22,0,0,Non-Dropout
2,12,2,14,1,12,22,10,0,0,1,0,0,46,6,6,Dropout
1,12,1,17,0,1,13,6,0,0,1,0,0,28,5,5,Non-Dropout
1,1,3,6,1,1,22,10,1,1,0,0,0,18,5,5,Dropout
1,7,1,2,1,1,23,10,1,0,1,1,1,18,0,0,Non-Dropout
1,1,1,15,1,1,22,10,1,0,1,1,1,21,6,6,Non-Dropout
1,7,2,5,1,1,1,5,1,0,1,0,0,18,6,6,Non-Dropout
1,14,1,17,0,1,13,4,0,0,1,0,0,34,5,5,Dropout
1,8,1,16,1,1,22,10,1,0,1,0,1,21,6,6,Dropout
1,1,1,15,1,1,22,10,1,0,1,0,1,18,6,6,Non-Dropout
1,1,1,2,1,1,17,10,1,0,1,1,0,20,0,0,Non-Dropout
1,1,1,9,1,1,23,8,1,0,1,0,0,18,5,5,Non-Dropout
1,8,2,7,1,1,1,4,1,0,1,1,0,21,5,5,Non-Dropout
1,8,1,11,1,1,22,6,1,0,1,1,0,19,6,6,Dropout
1,8,2,3,0,1,1,5,1,0,1,1,0,22,6,6,Non-Dropout
1,15,1,4,1,14,1,5,0,0,1,1,0,23,6,6,Dropout
1,8,4,2,1,1,3,3,1,0,1,1,0,19,0,0,Dropout
1,1,4,9,1,1,13,6,1,0,1,1,0,18,5,5,Non-Dropout
1,1,3,2,1,1,23,10,1,1,0,1,1,19,0,0,Dropout
1,8,1,9,1,1,1,10,1,0,1,1,0,19,5,5,Non-Dropout
1,1,1,14,1,1,1,5,0,0,1,1,0,19,5,5,Non-Dropout
1,1,2,12,1,1,22,10,1,0,1,1,0,22,7,8,Non-Dropout
1,1,1,15,1,1,13,10,0,0,1,1,1,18,6,6,Non-Dropout
1,8,1,10,1,1,22,8,1,0,1,1,0,18,6,6,Dropout
1,8,1,15,1,1,23,10,0,1,1,1,0,19,6,6,Dropout
1,1,4,2,1,1,1,1,1,0,1,1,0,18,0,0,Non-Dropout
1,8,6,14,1,1,1,5,0,0,1,1,0,21,6,6,Non-Dropout
1,1,2,11,1,1,1,5,1,0,1,1,0,18,6,6,Non-Dropout
1,15,1,4,1,14,13,7,1,0,1,1,0,19,6,6,Non-Dropout
1,12,1,4,1,12,1,10,0,1,0,1,0,27,6,6,Dropout
1,17,1,4,1,16,23,10,1,1,1,1,0,20,12,10,Non-Dropout
1,1,5,11,1,1,3,4,1,0,1,1,0,20,6,6,Non-Dropout
1,1,6,12,1,1,4,3,1,0,1,1,0,18,8,8,Non-Dropout
1,8,1,15,1,1,23,10,1,0,1,1,0,18,6,6,Non-Dropout
1,1,2,5,1,1,23,8,1,0,1,1,0,18,6,6,Non-Dropout
1,1,1,9,1,1,1,5,1,0,1,1,0,18,5,5,Dropout
1,7,5,6,1,1,13,9,1,0,1,1,0,18,5,5,Non-Dropout
1,8,2,12,1,1,13,6,1,0,1,0,0,18,7,8,Non-Dropout
1,12,1,3,0,11,19,1,1,0,0,0,0,37,5,5,Dropout
2,12,1,3,0,1,23,6,0,0,1,0,1,36,6,6,Non-Dropout
2,12,1,6,1,12,13,10,1,0,1,0,0,26,6,6,Dropout
1,1,1,6,1,1,22,7,0,0,1,0,0,19,5,5,Non-Dropout
1,12,1,3,0,1,22,8,1,0,1,0,0,24,6,6,Dropout
1,1,2,15,1,1,13,10,1,0,1,0,1,19,6,6,Dropout
1,13,1,14,1,1,1,10,1,0,1,0,1,20,7,8,Non-Dropout
1,9,1,14,1,1,13,10,1,0,1,0,0,19,6,6,Non-Dropout
1,1,1,6,1,1,23,10,1,0,1,0,0,21,5,5,Non-Dropout
2,12,1,13,1,1,22,10,0,0,0,0,0,50,7,7,Dropout
2,12,1,13,1,1,22,10,0,0,1,0,0,47,7,7,Dropout
1,13,1,16,1,1,1,5,0,0,1,0,0,24,13,13,Dropout
1,12,1,17,0,1,22,8,0,0,0,0,0,48,5,5,Dropout
1,1,1,6,1,1,22,10,1,0,1,0,1,18,6,6,Non-Dropout
1,15,1,17,0,14,22,6,1,0,1,1,0,32,6,7,Dropout
1,1,1,14,1,1,13,5,1,0,0,1,0,20,5,5,Dropout
1,12,1,7,1,1,22,10,0,1,1,1,0,24,5,5,Dropout
2,12,1,8,1,12,22,10,0,0,1,1,0,53,5,5,Non-Dropout
2,12,1,15,1,12,13,10,0,1,0,1,0,42,4,4,Dropout
2,12,1,17,0,9,22,10,1,0,1,1,0,52,5,5,Non-Dropout
1,14,1,3,0,1,23,18,0,0,1,1,0,54,13,11,Non-Dropout
2,12,1,17,0,1,22,10,0,0,1,1,0,49,5,5,Non-Dropout
1,8,1,14,1,1,23,8,0,0,1,1,1,18,6,6,Non-Dropout
2,12,1,8,1,1,1,7,1,0,1,1,0,37,5,5,Non-Dropout
1,1,1,12,1,1,1,5,0,0,1,1,1,21,7,8,Non-Dropout
1,12,1,14,1,7,22,6,0,1,1,1,0,26,5,5,Dropout
1,1,1,5,1,1,3,3,1,0,1,1,0,20,12,12,Non-Dropout
1,1,4,12,1,1,1,5,1,0,1,0,1,19,7,8,Non-Dropout
1,1,2,5,1,1,23,10,1,0,1,0,0,18,6,6,Non-Dropout
1,8,5,12,1,1,1,5,1,0,1,0,0,18,7,8,Non-Dropout
1,8,2,3,0,1,22,10,0,0,1,0,0,20,6,6,Non-Dropout
1,8,4,11,1,1,3,4,1,0,1,0,0,20,5,6,Dropout
1,1,2,2,1,1,3,5,1,0,1,0,0,21,0,0,Dropout
1,1,2,2,1,1,1,4,1,0,1,0,0,22,12,11,Non-Dropout
1,14,1,12,1,1,1,5,0,0,1,0,1,18,7,8,Non-Dropout
1,1,5,12,1,1,13,10,1,0,1,0,0,18,7,8,Dropout
1,1,1,12,1,1,1,5,1,0,1,0,1,19,8,8,Non-Dropout
1,1,1,12,1,1,3,10,0,0,1,0,0,19,8,8,Non-Dropout
1,1,3,12,1,1,1,5,1,0,1,0,0,18,8,8,Non-Dropout
1,4,1,17,0,15,28,4,0,0,1,0,0,27,5,5,Non-Dropout
1,1,3,13,1,1,13,4,1,0,1,0,1,20,7,8,Non-Dropout
1,1,2,16,1,1,1,3,1,0,1,0,0,20,6,6,Dropout
1,1,2,6,1,1,23,10,1,0,1,0,0,20,5,5,Non-Dropout
1,1,1,9,1,1,3,2,0,0,1,0,0,19,5,5,Non-Dropout
1,1,2,6,1,1,22,10,0,0,1,0,0,20,5,5,Non-Dropout
1,14,3,2,1,1,22,10,1,0,1,0,1,20,0,0,Non-Dropout
1,1,1,2,1,1,3,2,1,0,1,0,0,20,0,0,Non-Dropout
1,17,1,6,1,16,1,5,1,0,1,0,0,27,12,9,Non-Dropout
1,1,2,6,1,1,3,6,1,0,1,0,0,18,6,6,Non-Dropout
1,1,1,12,1,1,13,5,0,0,1,0,0,18,7,8,Non-Dropout
1,8,1,12,1,1,1,10,0,0,1,0,1,18,7,8,Non-Dropout
1,1,1,6,1,1,22,10,0,0,1,0,0,20,5,5,Non-Dropout
1,1,1,15,1,1,1,5,1,0,1,0,0,19,6,6,Non-Dropout
1,8,1,10,1,1,1,6,0,0,1,0,1,20,6,6,Non-Dropout
1,1,4,12,1,1,3,2,1,0,1,0,0,18,8,8,Non-Dropout
1,15,1,5,1,14,1,5,0,1,0,0,0,22,7,9,Dropout
1,8,1,3,0,1,22,6,0,1,1,0,1,22,6,6,Non-Dropout
1,12,1,17,0,1,1,5,0,0,1,0,0,25,5,5,Non-Dropout
1,1,1,6,1,1,13,5,0,0,1,0,0,19,6,6,Non-Dropout
1,15,1,8,1,14,3,5,1,0,0,0,0,21,6,6,Dropout
1,12,1,12,1,15,1,5,1,0,1,0,0,27,7,8,Non-Dropout
1,8,4,12,1,1,1,5,1,0,1,0,0,18,7,7,Non-Dropout
1,8,3,11,1,1,1,5,0,0,0,0,0,18,5,6,Dropout
1,8,1,13,1,1,3,2,1,0,1,1,0,19,7,7,Dropout
5,12,1,17,0,1,1,4,0,0,1,1,1,35,5,5,Non-Dropout
1,8,1,6,1,1,22,5,0,0,1,1,0,23,5,5,Non-Dropout
1,12,1,12,1,1,1,10,0,0,1,1,0,28,7,7,Dropout
1,1,1,7,1,1,23,10,1,0,1,1,0,19,5,5,Non-Dropout
1,1,1,15,1,1,1,5,0,0,1,1,0,19,6,6,Non-Dropout
1,1,2,14,1,1,13,10,1,1,1,1,0,20,5,5,Dropout
1,1,1,14,1,1,2,4,1,0,1,1,0,21,5,5,Dropout
1,8,3,5,1,1,22,6,1,0,1,1,0,18,6,6,Non-Dropout
1,1,5,5,1,1,3,3,1,0,1,1,0,22,6,6,Non-Dropout
1,8,3,6,1,1,23,10,1,0,1,1,0,21,5,5,Non-Dropout
1,4,1,13,1,3,3,3,0,1,0,1,0,38,7,5,Dropout
1,1,1,2,1,1,13,10,1,0,1,1,0,20,0,0,Non-Dropout
1,14,4,2,1,1,22,10,1,0,1,1,0,19,0,0,Dropout
1,4,1,7,1,1,19,1,0,0,1,1,0,24,5,5,Dropout
1,9,3,5,1,1,1,5,1,0,0,1,0,19,6,6,Dropout
1,1,1,12,1,1,22,10,1,0,1,1,1,19,7,8,Non-Dropout
1,1,1,9,1,1,3,4,0,0,1,1,0,19,5,5,Non-Dropout
1,12,1,7,1,3,3,4,0,0,1,1,0,31,5,5,Dropout
1,8,1,14,1,1,23,10,1,0,1,1,1,19,6,6,Non-Dropout
1,8,1,5,1,1,13,5,1,0,1,1,0,22,6,6,Non-Dropout
1,12,1,6,1,1,19,1,0,0,1,1,0,25,5,5,Dropout
1,1,1,12,1,1,1,6,1,0,1,1,0,18,7,8,Dropout
1,4,1,12,1,3,22,12,1,0,1,1,0,30,8,8,Dropout
1,1,1,12,1,1,23,10,0,0,1,1,1,18,8,8,Non-Dropout
1,1,1,15,1,1,1,6,1,0,1,1,0,18,6,6,Non-Dropout
1,8,6,15,1,1,19,1,0,0,1,1,0,18,6,6,Dropout
1,1,1,10,1,1,23,8,1,0,1,1,0,18,6,6,Non-Dropout
1,12,1,14,1,1,1,5,0,0,1,1,1,25,6,6,Non-Dropout
1,1,1,7,1,1,3,5,0,0,1,1,0,18,5,5,Non-Dropout
1,1,5,2,1,1,1,5,0,0,1,1,0,18,0,0,Dropout
1,1,4,9,1,1,1,9,1,0,1,1,0,19,5,5,Non-Dropout
1,12,1,13,1,12,13,8,0,0,1,1,0,25,7,7,Dropout
1,1,3,12,1,1,22,10,1,0,1,0,0,19,7,7,Non-Dropout
1,15,1,17,0,14,22,10,0,0,1,0,0,31,6,7,Non-Dropout
1,1,3,12,1,1,13,6,1,0,1,0,1,20,8,8,Non-Dropout
1,13,1,12,1,1,3,4,1,0,0,0,0,33,7,6,Dropout
1,15,1,6,1,14,1,10,0,1,0,0,0,24,6,6,Non-Dropout
1,8,4,10,1,1,13,10,1,0,1,0,1,18,6,6,Non-Dropout
1,8,2,12,1,1,1,5,1,0,1,0,0,19,8,8,Non-Dropout
1,1,4,12,1,1,23,8,1,0,1,0,1,20,7,8,Non-Dropout
2,12,1,12,1,1,22,5,0,0,1,1,1,33,8,8,Non-Dropout
1,12,1,7,1,1,23,8,0,0,1,1,0,24,5,5,Dropout
1,12,1,17,0,12,2,3,0,0,1,1,0,24,5,5,Dropout
1,8,1,6,1,1,23,10,1,0,1,1,0,18,5,5,Non-Dropout
1,1,2,11,1,1,22,10,1,0,1,0,1,18,6,6,Non-Dropout
1,16,1,6,1,1,3,3,1,0,1,0,0,22,12,12,Non-Dropout
1,1,1,15,1,1,2,10,1,0,1,0,1,18,6,6,Non-Dropout
1,1,1,2,1,1,13,4,1,0,1,0,0,21,17,17,Non-Dropout
2,12,1,17,0,1,22,6,1,0,1,0,0,38,5,5,Dropout
1,14,1,10,1,1,19,13,0,0,1,0,1,29,16,13,Non-Dropout
1,15,1,8,1,14,23,5,1,0,1,0,1,20,6,6,Non-Dropout
1,8,1,11,1,1,23,5,1,0,0,0,0,18,6,6,Dropout
2,14,1,17,0,1,22,10,0,0,1,1,0,37,12,13,Non-Dropout
1,1,3,9,1,1,3,6,0,0,1,1,0,20,5,5,Non-Dropout
1,1,1,8,1,1,13,12,1,0,0,1,0,20,5,5,Dropout
2,12,1,7,1,1,22,10,0,1,1,1,0,40,5,5,Dropout
2,12,1,3,0,1,22,10,0,0,1,1,0,44,11,11,Non-Dropout
1,1,1,9,1,1,1,10,0,0,0,1,0,21,5,5,Dropout
1,15,1,5,1,14,2,4,0,0,1,1,0,21,7,9,Non-Dropout
1,1,6,12,1,1,3,3,1,0,1,1,0,18,8,8,Non-Dropout
1,1,5,12,1,1,1,10,1,0,1,1,0,18,7,8,Non-Dropout
1,12,1,4,1,1,3,6,0,0,1,1,0,27,6,6,Non-Dropout
2,12,1,5,1,12,22,10,0,0,0,1,0,38,6,6,Dropout
1,9,1,8,1,1,3,6,0,0,1,1,0,18,6,6,Dropout
1,8,4,11,1,1,1,5,1,0,1,1,0,19,6,6,Non-Dropout
1,1,1,8,1,1,3,3,1,0,1,1,0,18,6,6,Dropout
1,14,1,15,1,1,1,10,0,1,0,1,0,19,6,6,Dropout
1,12,1,14,1,1,22,12,0,1,0,1,0,44,6,6,Dropout
1,15,1,6,1,14,1,5,1,0,1,1,0,26,6,6,Dropout
1,14,1,8,1,1,13,10,0,1,0,1,0,24,6,6,Dropout
1,12,1,4,1,1,13,10,1,0,0,1,0,27,6,6,Dropout
1,12,1,4,1,1,1,10,0,1,0,1,0,27,6,6,Dropout
1,14,1,5,1,1,23,8,1,0,1,1,0,25,17,15,Dropout
1,15,1,4,1,1,3,3,1,0,1,1,0,21,9,8,Non-Dropout
1,1,1,2,1,1,23,10,1,0,1,1,1,19,0,0,Non-Dropout
1,8,2,5,1,1,24,4,1,0,1,1,0,20,6,6,Non-Dropout
1,15,1,7,1,14,13,6,0,0,1,1,0,20,5,5,Non-Dropout
1,8,5,7,1,1,3,3,1,1,0,1,0,20,5,5,Dropout
1,1,1,7,1,1,1,4,0,0,0,1,1,18,5,5,Non-Dropout
1,8,1,2,1,1,4,4,0,1,1,1,0,19,12,11,Non-Dropout
1,15,1,8,1,14,1,5,1,0,0,0,0,22,6,6,Dropout
1,1,4,14,1,1,4,3,1,0,1,0,0,19,6,6,Non-Dropout
1,1,4,12,1,1,1,5,1,0,1,0,1,18,7,8,Non-Dropout
1,1,2,10,1,1,13,29,1,1,1,0,0,20,6,6,Non-Dropout
1,8,1,2,1,1,1,6,1,0,1,0,1,18,0,0,Dropout
1,12,1,15,1,1,1,2,0,0,1,1,0,36,6,6,Non-Dropout
1,6,1,9,1,1,22,7,0,1,1,1,0,19,5,5,Non-Dropout
1,17,1,9,1,16,1,7,0,0,1,1,1,21,11,9,Non-Dropout
1,1,1,9,1,1,13,10,1,0,1,0,0,26,5,5,Dropout
1,12,1,4,1,1,1,10,0,1,0,0,0,29,9,7,Dropout
1,15,1,11,1,14,13,10,0,0,0,1,0,26,8,6,Non-Dropout
1,4,1,12,1,3,3,3,0,0,1,1,0,27,7,8,Dropout
1,16,1,9,1,1,3,3,0,1,1,1,0,32,7,8,Non-Dropout
1,7,3,16,1,1,22,10,1,0,1,0,1,23,6,6,Non-Dropout
1,12,1,9,1,1,23,10,0,0,1,0,0,24,5,5,Non-Dropout
1,1,2,15,1,1,1,10,1,0,1,0,1,19,6,6,Non-Dropout
1,13,1,4,1,1,13,5,1,0,1,1,0,25,6,6,Non-Dropout
1,8,6,11,1,1,1,5,1,0,1,1,0,19,6,6,Non-Dropout
1,1,3,15,1,1,1,1,0,0,0,1,0,20,4,4,Dropout
2,1,1,11,1,1,13,5,0,0,1,1,0,33,9,7,Non-Dropout
2,12,1,17,0,1,22,10,0,1,1,1,0,35,5,5,Dropout
1,1,1,9,1,1,22,8,1,0,1,1,0,23,5,5,Non-Dropout
1,1,1,12,1,1,22,10,1,0,1,1,0,19,7,8,Non-Dropout
1,1,1,14,1,1,1,10,0,0,1,1,0,21,6,6,Non-Dropout
1,1,5,5,1,1,1,4,1,0,1,1,1,21,6,6,Non-Dropout
1,12,1,12,1,1,22,4,0,0,1,1,0,27,8,8,Dropout
1,8,3,9,1,1,3,15,1,1,1,1,0,19,5,5,Non-Dropout
1,4,2,12,1,3,22,10,0,0,1,1,0,28,7,8,Dropout
1,14,1,9,1,1,22,8,0,0,1,1,0,25,5,5,Non-Dropout
2,12,1,10,1,12,22,10,0,0,1,1,0,42,6,6,Dropout
1,4,1,17,0,3,22,10,0,0,1,1,0,27,5,5,Non-Dropout
1,1,1,5,1,1,3,1,1,0,1,1,0,23,6,6,Dropout
1,8,3,11,1,1,13,5,1,0,1,1,1,18,6,6,Non-Dropout
2,12,1,12,1,1,22,10,0,0,1,1,0,26,8,8,Non-Dropout
1,1,4,9,1,1,3,4,0,0,1,1,0,18,5,5,Dropout
1,12,1,17,0,1,3,3,0,1,1,1,0,29,5,5,Dropout
1,8,1,6,1,1,1,5,1,0,1,1,0,22,6,6,Dropout
1,14,1,12,1,1,13,27,1,0,1,0,0,21,7,7,Non-Dropout
1,1,3,12,1,1,23,8,1,0,1,0,1,19,8,8,Non-Dropout
1,1,1,10,1,1,23,10,1,0,1,0,1,18,6,6,Non-Dropout
1,1,3,6,1,1,23,10,1,0,1,0,1,18,5,5,Dropout
1,12,1,4,1,12,22,5,0,1,0,0,0,40,6,6,Dropout
1,8,3,11,1,1,23,10,1,1,0,0,0,20,6,6,Dropout
1,1,3,12,1,1,3,5,1,0,1,1,0,18,8,8,Dropout
1,14,2,3,0,3,19,1,0,0,1,1,0,31,12,10,Non-Dropout
1,1,2,9,1,1,1,10,0,0,1,1,1,18,5,5,Non-Dropout
1,14,2,14,1,1,13,5,1,0,1,1,0,22,6,6,Dropout
1,16,1,9,1,12,13,10,0,1,0,1,0,38,5,5,Dropout
1,14,1,17,0,3,3,3,0,0,1,1,0,33,5,5,Dropout
1,1,3,7,1,1,1,4,0,0,1,1,1,19,5,5,Non-Dropout
1,8,1,14,1,1,3,2,0,0,1,1,0,18,6,6,Dropout
1,1,5,7,1,1,1,5,0,0,0,1,1,18,5,5,Non-Dropout
1,16,1,17,0,1,1,6,1,0,1,1,0,27,6,5,Non-Dropout
1,12,1,11,1,1,22,10,0,0,1,1,0,26,6,6,Non-Dropout
1,1,6,12,1,1,1,4,1,0,1,0,1,19,7,8,Non-Dropout
2,16,1,12,1,1,22,6,0,0,1,1,0,44,7,7,Dropout
1,1,2,9,1,1,22,10,1,0,1,1,0,19,5,5,Non-Dropout
1,9,1,5,1,1,1,5,1,0,1,1,0,20,6,6,Dropout
1,12,1,4,1,12,13,2,0,1,1,1,0,24,6,6,Non-Dropout
4,14,1,17,0,1,22,7,0,0,1,0,0,31,14,14,Non-Dropout
1,14,1,5,1,1,22,10,1,0,1,0,0,25,6,6,Non-Dropout
1,8,4,15,1,1,2,10,1,1,0,0,0,19,6,6,Dropout
1,8,3,12,1,1,3,4,1,0,1,0,0,18,7,8,Dropout
1,14,1,6,1,1,13,5,1,0,0,0,0,19,6,6,Non-Dropout
1,1,3,12,1,1,3,5,1,0,1,0,1,19,7,7,Non-Dropout
1,8,1,9,1,1,1,5,1,0,1,0,0,19,5,5,Non-Dropout
1,12,1,14,1,1,1,5,0,0,1,0,0,24,6,6,Dropout
1,1,1,10,1,1,3,4,0,0,1,0,0,20,6,6,Non-Dropout
1,8,1,11,1,1,13,6,0,0,1,0,0,18,6,6,Non-Dropout
1,1,1,10,1,1,23,6,0,0,1,0,1,18,6,6,Non-Dropout
1,8,1,6,1,1,1,5,1,0,1,0,0,21,5,5,Non-Dropout
1,4,1,12,1,3,22,5,0,1,0,0,0,28,7,7,Dropout
1,1,1,9,1,1,23,6,0,0,1,0,1,18,5,5,Non-Dropout
1,1,1,16,1,1,22,10,0,1,1,0,0,18,6,6,Dropout
1,1,1,10,1,1,1,5,0,0,1,0,1,18,6,6,Non-Dropout
1,8,2,9,1,1,22,10,1,0,1,0,1,18,5,5,Non-Dropout
1,1,1,9,1,1,13,10,1,0,0,0,1,19,5,5,Dropout
1,8,1,12,1,1,13,4,0,0,1,0,1,19,7,8,Non-Dropout
1,1,1,10,1,1,23,29,0,1,1,0,1,20,6,6,Non-Dropout
2,14,1,3,0,1,22,10,0,0,1,0,0,34,11,7,Non-Dropout
2,12,1,12,1,1,22,10,1,0,1,0,0,39,7,7,Non-Dropout
1,8,3,12,1,1,3,3,1,0,1,0,0,19,8,8,Non-Dropout
1,12,1,5,1,1,1,5,1,0,1,0,0,24,6,6,Non-Dropout
1,5,1,15,1,1,23,1,1,0,1,0,0,18,6,6,Dropout
1,8,1,8,1,1,13,4,1,0,1,1,0,19,5,5,Dropout
1,1,1,9,1,1,1,4,0,0,1,1,1,18,5,5,Non-Dropout
1,1,2,9,1,1,3,4,1,1,1,1,0,20,5,5,Non-Dropout
1,1,6,12,1,1,1,10,1,1,1,1,0,19,7,8,Non-Dropout
1,1,1,8,1,1,3,3,1,0,1,1,0,19,6,6,Dropout
1,8,1,4,1,1,22,6,0,0,1,1,0,19,6,6,Dropout
2,12,1,17,0,1,21,10,1,0,1,1,0,41,5,5,Dropout
1,1,2,12,1,1,5,3,0,0,1,1,0,19,7,8,Non-Dropout
1,14,3,11,1,1,3,3,0,0,1,1,0,19,6,6,Non-Dropout
1,4,1,12,1,3,1,8,1,0,0,1,0,23,7,8,Dropout
1,1,1,7,1,1,13,10,0,0,1,1,0,18,5,5,Dropout
1,1,1,9,1,1,3,4,0,0,1,1,0,19,5,5,Non-Dropout
1,15,1,4,1,14,3,3,1,0,1,1,0,20,6,6,Non-Dropout
1,12,1,6,1,1,22,12,0,1,0,1,0,35,5,5,Dropout
4,12,2,14,1,12,13,12,0,0,0,1,0,34,6,6,Dropout
1,1,1,5,1,1,3,10,1,1,0,0,1,19,6,6,Non-Dropout
1,6,1,10,1,1,13,10,1,1,0,1,0,22,6,6,Non-Dropout
1,8,3,5,1,1,1,5,0,0,1,1,0,20,6,6,Non-Dropout
2,13,1,17,0,1,3,3,0,0,1,1,0,27,2,5,Non-Dropout
2,12,1,7,1,1,13,1,0,1,1,1,0,30,5,5,Dropout
1,12,1,7,1,1,1,5,0,0,1,1,0,34,5,5,Non-Dropout
1,1,1,11,1,1,1,6,1,0,0,1,0,20,6,6,Dropout
1,8,1,5,1,1,22,10,1,0,1,1,0,18,6,6,Non-Dropout
1,1,1,8,1,1,7,5,0,0,1,1,1,26,5,5,Dropout
1,12,1,17,0,1,1,4,0,0,1,1,0,26,5,5,Non-Dropout
1,12,2,9,1,1,13,6,0,0,0,1,0,26,5,5,Dropout
1,12,1,17,0,1,22,10,0,1,0,1,0,31,5,5,Dropout
1,1,3,2,1,1,22,10,1,0,1,1,1,20,12,11,Non-Dropout
1,1,1,15,1,1,13,1,1,0,1,1,0,19,6,6,Non-Dropout
1,8,1,14,1,1,19,8,1,1,0,1,0,23,5,5,Dropout
1,1,6,12,1,1,1,5,1,0,1,1,1,20,7,7,Dropout
1,16,1,12,1,1,1,5,0,0,1,1,0,20,7,10,Non-Dropout
1,12,1,3,0,1,19,1,1,0,1,1,0,29,6,5,Dropout
1,1,4,15,1,1,13,8,1,0,1,1,1,20,6,6,Non-Dropout
1,1,1,12,1,1,22,10,0,0,1,1,0,24,7,7,Non-Dropout
1,12,1,13,1,12,27,4,0,0,1,1,0,37,7,7,Dropout
1,1,5,12,1,1,22,5,1,0,1,1,0,18,7,8,Dropout
1,1,2,2,1,1,2,6,1,1,0,1,1,18,0,0,Dropout
1,8,1,12,1,1,13,5,0,0,1,1,0,18,8,8,Non-Dropout
2,15,1,7,1,14,22,10,0,1,1,1,0,41,7,6,Non-Dropout
1,12,1,4,1,1,22,10,0,0,1,1,0,35,6,6,Dropout
1,8,1,11,1,1,13,10,0,0,1,0,0,19,5,6,Dropout
1,1,1,2,1,1,1,11,1,0,1,1,0,18,0,0,Non-Dropout
2,12,1,12,1,1,22,29,0,0,1,0,0,48,7,7,Non-Dropout
1,1,1,12,1,1,13,10,1,0,1,0,0,19,7,7,Non-Dropout
1,15,1,4,1,14,22,10,1,0,0,1,0,30,9,8,Dropout
2,14,1,15,1,1,22,6,0,1,0,1,0,51,4,4,Dropout
1,5,1,6,1,1,2,3,0,0,1,0,0,18,6,6,Non-Dropout
1,1,1,2,1,1,1,10,1,0,1,0,0,18,0,0,Non-Dropout
1,1,1,2,1,1,25,5,1,0,1,0,0,18,0,0,Non-Dropout
1,1,5,12,1,1,23,8,1,0,1,0,1,18,8,8,Non-Dropout
1,1,1,8,1,1,2,5,1,0,1,0,0,18,5,5,Dropout
1,1,1,2,1,1,2,5,1,0,1,0,0,18,0,0,Non-Dropout
1,9,1,2,1,1,1,5,1,0,1,0,0,23,17,17,Non-Dropout
1,1,1,5,1,1,13,8,1,0,1,0,0,19,6,6,Non-Dropout
1,1,1,6,1,1,13,9,0,0,1,0,0,21,6,6,Non-Dropout
1,1,1,15,1,1,3,3,1,1,0,0,0,18,6,6,Dropout
1,1,1,2,1,1,10,5,1,0,1,0,0,18,0,0,Non-Dropout
1,17,1,6,1,16,3,3,1,0,1,0,0,21,11,9,Non-Dropout
1,14,1,15,1,1,1,4,0,1,1,0,0,20,6,6,Non-Dropout
1,13,1,6,1,1,1,5,0,0,1,0,0,24,11,10,Non-Dropout
1,1,1,8,1,1,1,5,1,0,1,0,0,18,6,6,Non-Dropout
1,8,1,12,1,1,13,5,1,0,1,0,0,18,7,7,Non-Dropout
1,1,1,15,1,1,13,8,1,0,1,0,0,19,6,6,Non-Dropout
1,15,1,10,1,14,1,5,1,0,1,0,1,20,6,6,Non-Dropout
1,1,6,12,1,1,4,6,1,0,1,0,0,18,7,8,Non-Dropout
1,1,6,12,1,1,13,10,1,0,1,0,0,18,8,8,Non-Dropout
1,8,1,16,1,1,2,4,1,0,1,0,0,19,6,6,Non-Dropout
1,1,1,12,1,1,3,3,1,0,1,0,0,19,7,7,Non-Dropout
1,1,2,14,1,1,3,5,1,0,1,0,0,18,6,6,Non-Dropout
1,1,2,12,1,1,22,6,1,0,1,0,0,20,8,8,Non-Dropout
1,1,2,13,1,1,23,10,1,0,1,0,0,18,7,8,Non-Dropout
2,8,3,3,0,1,13,4,0,1,0,0,0,18,6,6,Dropout
1,1,1,16,1,1,10,10,1,0,1,0,0,18,6,6,Non-Dropout
1,1,4,12,1,1,1,5,1,0,1,0,0,18,7,7,Non-Dropout
1,8,5,12,1,1,13,6,1,0,1,0,1,18,7,7,Non-Dropout
1,1,4,12,1,1,13,10,1,0,1,0,0,20,7,8,Non-Dropout
1,1,2,5,1,1,13,10,1,0,1,0,1,22,6,6,Non-Dropout
1,14,1,14,1,1,13,2,0,1,1,0,0,20,6,6,Non-Dropout
1,15,1,6,1,14,1,4,1,0,1,0,0,20,6,6,Non-Dropout
1,1,2,10,1,1,22,10,1,0,1,0,0,18,6,6,Non-Dropout
1,1,1,16,1,1,13,10,0,0,1,0,0,18,6,6,Non-Dropout
1,8,3,9,1,1,22,6,0,0,1,0,0,18,5,5,Non-Dropout
1,8,1,14,1,1,1,5,0,1,1,0,1,18,6,6,Dropout
1,8,1,10,1,1,1,5,0,0,1,0,0,19,8,6,Non-Dropout
1,1,1,6,1,1,23,10,1,0,1,0,1,19,5,5,Non-Dropout
1,8,2,15,1,1,13,10,0,0,1,0,1,18,6,6,Non-Dropout
1,1,1,5,1,1,23,10,0,0,0,0,1,18,6,6,Non-Dropout
1,8,3,12,1,1,1,10,1,0,1,0,1,18,7,8,Non-Dropout
1,1,4,12,1,1,13,2,1,0,1,0,0,18,7,8,Non-Dropout
1,8,1,14,1,1,23,6,1,0,1,0,0,19,6,6,Non-Dropout
1,8,2,10,1,1,13,4,1,0,1,0,0,18,6,6,Non-Dropout
1,12,1,12,1,12,13,10,0,0,1,0,1,25,8,8,Non-Dropout
1,1,4,12,1,1,13,10,1,0,1,0,1,19,7,8,Non-Dropout
1,8,6,12,1,1,1,4,1,0,1,0,0,18,7,8,Non-Dropout
1,8,1,8,1,1,4,3,1,0,1,0,0,19,6,6,Non-Dropout
2,1,1,12,1,1,13,5,0,0,1,0,0,18,7,7,Non-Dropout
1,12,1,6,1,1,13,5,0,0,1,0,0,24,6,6,Dropout
1,1,2,15,1,1,3,4,1,0,1,0,0,21,6,6,Non-Dropout
1,1,2,11,1,1,1,10,1,0,1,0,1,18,6,6,Non-Dropout
1,1,1,10,1,1,23,10,1,0,1,0,0,18,6,6,Non-Dropout
2,1,1,5,1,1,10,10,0,0,1,0,1,20,6,6,Non-Dropout
1,1,1,5,1,1,4,4,1,0,1,0,0,19,6,6,Non-Dropout
1,1,2,15,1,1,1,5,1,0,1,0,1,19,6,6,Dropout
1,1,4,12,1,1,22,10,1,0,1,0,0,30,7,8,Non-Dropout
1,1,1,12,1,1,13,6,0,0,1,0,0,18,8,8,Non-Dropout
1,8,1,6,1,1,1,5,1,0,1,0,0,18,5,5,Non-Dropout
1,1,1,15,1,1,23,10,1,0,1,0,1,18,6,6,Non-Dropout
1,9,1,12,1,1,23,6,0,0,1,0,0,20,7,8,Non-Dropout
1,1,1,11,1,1,23,5,0,0,1,0,0,19,6,6,Dropout
1,14,2,11,1,1,13,10,1,0,1,0,0,19,6,6,Dropout
1,1,1,2,1,1,13,8,1,0,0,0,0,19,0,0,Dropout
1,1,4,11,1,1,1,6,1,0,1,0,1,18,6,6,Non-Dropout
1,1,4,12,1,1,3,3,1,0,1,0,0,17,8,8,Non-Dropout
1,9,1,16,1,1,13,5,1,0,1,0,0,19,7,7,Non-Dropout
1,1,4,10,1,1,13,5,1,0,1,0,0,18,6,6,Non-Dropout
1,4,1,12,1,3,22,5,0,0,1,0,0,25,8,8,Non-Dropout
1,1,1,10,1,1,10,5,1,0,1,0,0,19,6,6,Dropout
1,17,1,6,1,16,13,10,1,1,0,0,0,24,9,9,Non-Dropout
1,1,1,10,1,1,1,5,1,1,1,0,1,19,6,6,Non-Dropout
1,9,1,12,1,1,13,10,0,0,1,0,1,20,8,8,Non-Dropout
1,1,1,14,1,1,1,6,1,0,1,0,1,20,6,6,Non-Dropout
1,1,2,12,1,1,1,5,1,0,1,0,1,20,7,8,Non-Dropout
1,8,1,6,1,1,1,5,1,0,1,0,0,19,5,5,Non-Dropout
1,4,1,4,1,4,3,3,1,0,1,0,0,31,12,12,Non-Dropout
1,1,1,6,1,1,1,4,0,0,1,0,0,20,5,5,Non-Dropout
1,1,3,6,1,1,3,5,1,0,1,0,0,18,5,5,Non-Dropout
1,8,1,16,1,1,1,4,0,1,1,0,0,18,6,6,Non-Dropout
1,1,4,14,1,1,1,5,1,0,1,0,0,18,6,6,Non-Dropout
1,16,1,10,1,1,13,6,0,1,1,0,0,20,11,10,Non-Dropout
1,8,1,6,1,1,2,3,1,0,1,0,1,20,6,6,Non-Dropout
1,8,2,14,1,1,13,6,0,0,1,0,1,19,6,6,Dropout
1,8,1,9,1,1,13,5,0,0,1,0,1,21,5,5,Non-Dropout
1,1,4,12,1,1,1,4,1,0,1,0,0,18,7,8,Non-Dropout
1,16,1,5,1,1,1,5,1,0,1,0,0,21,10,11,Dropout
1,1,4,12,1,1,13,4,1,0,1,0,0,19,7,7,Non-Dropout
1,15,1,10,1,14,1,29,0,0,1,0,0,20,6,6,Non-Dropout
1,15,1,6,1,1,1,4,0,0,1,0,0,20,6,6,Non-Dropout
1,1,1,14,1,1,10,10,1,0,1,0,1,18,6,6,Non-Dropout
1,1,1,9,1,1,13,10,1,0,1,0,1,18,5,5,Non-Dropout
1,8,1,10,1,1,13,8,1,0,1,0,1,18,6,6,Non-Dropout
1,14,1,6,1,14,23,7,1,0,1,0,1,21,7,5,Non-Dropout
1,1,1,12,1,1,23,6,0,0,1,0,0,18,7,7,Non-Dropout
1,1,1,12,1,1,13,6,1,0,1,0,1,18,8,8,Non-Dropout
1,8,2,11,1,1,22,10,1,0,1,0,1,20,6,6,Non-Dropout
2,13,1,12,1,2,22,10,0,0,1,0,1,32,8,8,Non-Dropout
2,12,1,17,0,1,22,10,0,0,1,0,0,34,5,5,Non-Dropout
1,1,2,12,1,1,13,4,1,0,1,0,1,23,7,8,Non-Dropout
1,1,5,14,1,1,4,5,1,0,1,0,0,18,6,6,Non-Dropout
1,8,1,3,0,1,22,6,0,0,1,0,0,18,6,6,Non-Dropout
1,14,1,2,1,2,22,10,1,0,1,0,0,34,0,0,Dropout
1,12,1,3,0,1,1,5,0,1,1,0,0,25,6,6,Non-Dropout
1,1,1,9,1,1,22,31,0,0,1,0,0,21,5,5,Non-Dropout
1,1,1,11,1,1,13,1,1,0,1,0,1,20,6,6,Dropout
1,1,5,10,1,1,18,1,1,0,1,0,0,18,6,6,Non-Dropout
1,8,1,6,1,1,3,5,1,0,1,0,0,18,6,6,Non-Dropout
1,8,1,15,1,1,22,10,0,0,1,0,0,18,6,6,Non-Dropout
1,12,1,3,0,1,22,5,1,0,1,0,0,24,6,6,Dropout
1,16,1,9,1,1,13,10,0,1,0,0,0,32,15,13,Non-Dropout
1,12,1,11,1,1,1,10,1,1,0,0,0,24,6,6,Dropout
1,1,1,10,1,1,23,10,0,0,1,0,1,18,6,6,Dropout
1,16,1,11,1,1,23,10,0,0,1,0,0,28,6,6,Non-Dropout
1,8,5,16,1,1,13,5,1,0,1,0,1,18,6,6,Dropout
1,4,1,16,1,3,19,1,1,0,0,0,0,24,6,5,Dropout
1,1,1,6,1,1,1,5,0,0,1,0,0,19,5,5,Non-Dropout
2,12,1,3,0,1,22,10,0,0,1,0,0,44,6,6,Non-Dropout
1,7,3,6,1,1,22,10,1,0,1,0,1,18,6,6,Non-Dropout
1,1,1,2,1,1,22,10,1,0,1,0,0,18,0,0,Non-Dropout
1,1,6,15,1,1,1,12,0,0,1,0,0,22,6,6,Dropout
1,9,1,16,1,1,22,10,0,0,1,0,1,18,7,7,Non-Dropout
2,12,1,17,0,1,22,10,0,0,1,0,0,44,5,5,Non-Dropout
5,12,1,16,1,12,23,6,0,1,1,0,0,33,6,6,Dropout
2,12,1,16,1,1,22,10,0,1,0,0,0,32,6,5,Dropout
2,12,1,4,1,1,13,5,0,0,0,0,0,35,6,6,Dropout
1,1,1,10,1,1,13,7,1,0,1,0,0,20,6,6,Non-Dropout
1,12,1,11,1,1,3,7,1,0,1,0,0,24,6,6,Non-Dropout
1,1,1,12,1,1,23,10,0,0,1,0,0,19,7,8,Non-Dropout
1,1,1,11,1,1,13,6,1,0,1,0,0,21,6,6,Non-Dropout
1,1,2,15,1,1,1,5,1,0,1,1,1,19,6,6,Non-Dropout
1,13,1,4,1,1,13,10,1,0,0,1,0,27,6,6,Dropout
1,12,1,16,1,1,13,10,0,0,0,0,0,30,6,6,Dropout
1,8,4,2,1,1,23,10,1,0,1,1,0,21,0,0,Dropout
1,1,1,5,1,1,1,6,1,0,1,1,0,19,6,6,Non-Dropout
2,12,1,17,0,1,22,10,0,0,1,0,0,34,5,5,Non-Dropout
1,14,1,12,1,1,4,5,0,0,1,1,0,18,7,8,Non-Dropout
1,1,1,2,1,1,3,4,1,0,1,1,0,21,0,0,Non-Dropout
1,1,2,2,1,1,3,2,1,0,1,1,0,17,0,0,Non-Dropout
1,1,1,12,1,1,13,5,1,0,1,0,1,19,7,7,Non-Dropout
1,1,1,15,1,1,22,10,1,0,1,1,0,18,6,6,Non-Dropout
1,8,2,12,1,1,13,10,1,0,1,0,0,19,7,8,Non-Dropout
4,12,1,11,1,1,23,10,0,1,1,0,0,45,10,8,Dropout
1,12,1,6,1,1,13,10,1,0,1,0,0,26,6,6,Non-Dropout
2,12,2,17,0,1,22,10,1,0,1,1,0,51,4,5,Dropout
2,12,1,15,1,12,22,7,0,1,1,1,1,49,6,6,Non-Dropout
1,13,1,12,1,1,3,3,0,0,1,1,0,22,6,7,Non-Dropout
1,8,1,9,1,1,1,6,1,0,1,1,0,22,5,5,Dropout
2,4,1,8,1,3,3,2,0,0,1,0,0,33,5,5,Dropout
1,5,1,14,1,1,22,10,0,0,1,0,0,20,5,5,Non-Dropout
1,1,4,10,1,1,23,8,1,0,1,0,1,18,6,6,Non-Dropout
1,1,5,16,1,1,23,10,1,1,0,0,0,20,6,6,Dropout
2,18,1,17,0,1,23,5,0,0,1,0,0,37,10,10,Non-Dropout
1,1,1,11,1,1,22,10,1,0,1,1,0,18,6,6,Non-Dropout
1,1,3,11,1,1,1,10,1,0,1,0,0,19,6,6,Non-Dropout
1,15,1,6,1,14,1,4,1,0,1,0,0,21,6,6,Non-Dropout
1,1,2,12,1,1,13,10,0,0,1,0,0,20,7,8,Non-Dropout
1,1,2,12,1,1,22,8,1,0,1,0,0,19,7,8,Dropout
1,8,2,13,1,1,23,8,1,0,1,0,0,20,7,7,Dropout
1,8,4,12,1,1,3,3,1,0,1,0,0,18,7,8,Non-Dropout
1,1,4,12,1,1,1,10,1,0,1,0,0,19,8,8,Non-Dropout
1,1,1,10,1,1,22,10,0,0,1,0,0,18,6,6,Non-Dropout
1,8,1,10,1,1,23,8,1,0,1,0,1,18,6,6,Non-Dropout
1,1,2,15,1,1,1,5,1,0,1,0,0,18,5,1,Dropout
1,1,6,12,1,1,1,4,1,0,1,0,0,19,7,7,Non-Dropout
1,1,2,13,1,1,1,5,1,0,1,0,1,18,7,8,Non-Dropout
1,1,1,5,1,1,22,10,1,0,1,0,1,19,6,6,Non-Dropout
1,17,1,4,1,16,1,10,0,1,1,0,1,24,12,11,Non-Dropout
1,15,1,6,1,14,22,10,0,0,1,0,0,20,6,6,Non-Dropout
1,1,1,9,1,1,1,6,1,0,1,0,1,21,5,5,Non-Dropout
1,15,1,6,1,14,23,5,0,1,0,0,0,20,6,6,Dropout
1,8,6,12,1,1,13,4,1,0,1,0,1,19,7,8,Non-Dropout
1,8,5,13,1,1,13,10,1,0,1,0,1,19,7,8,Non-Dropout
1,1,3,12,1,1,1,10,1,0,1,0,0,18,8,8,Non-Dropout
1,1,1,6,1,1,23,5,1,0,1,0,0,19,6,6,Non-Dropout
1,8,4,9,1,1,23,10,1,0,1,0,0,21,5,5,Non-Dropout
1,1,2,16,1,1,1,10,1,0,1,0,1,19,6,6,Non-Dropout
1,1,5,11,1,1,13,8,1,0,1,0,1,18,6,6,Non-Dropout
1,8,5,5,1,1,4,5,1,0,1,0,1,17,6,6,Non-Dropout
1,9,4,16,1,1,13,5,1,0,1,0,0,19,6,6,Non-Dropout
1,8,6,9,1,1,22,10,1,0,0,1,0,23,5,5,Dropout
1,1,1,14,1,1,1,2,1,0,1,0,0,19,6,6,Non-Dropout
1,1,1,12,1,1,13,10,1,0,1,0,0,18,7,7,Non-Dropout
1,1,1,14,1,1,23,6,1,0,1,0,0,20,6,6,Non-Dropout
1,1,3,6,1,1,1,10,1,0,1,0,1,19,5,5,Non-Dropout
1,1,1,10,1,1,13,4,1,0,1,0,1,18,6,6,Non-Dropout
1,8,2,10,1,1,22,10,0,0,1,0,1,19,6,6,Non-Dropout
1,1,4,10,1,1,23,5,1,0,1,0,0,19,6,6,Non-Dropout
1,8,1,12,1,1,13,5,1,0,1,0,0,18,8,8,Non-Dropout
1,8,2,12,1,1,3,4,1,0,1,0,0,18,7,8,Non-Dropout
1,1,5,12,1,1,23,8,1,0,1,0,1,19,7,7,Non-Dropout
1,1,1,12,1,1,23,10,0,0,1,0,1,19,8,8,Non-Dropout
1,1,1,12,1,1,4,3,0,0,1,0,0,19,7,7,Non-Dropout
1,1,2,12,1,1,22,10,1,0,1,0,0,21,7,8,Non-Dropout
1,1,3,15,1,1,3,3,1,0,1,0,0,18,6,6,Non-Dropout
1,1,1,15,1,1,13,10,0,0,1,0,1,19,6,6,Non-Dropout
1,1,4,15,1,1,13,13,0,0,0,0,0,18,4,4,Dropout
1,4,1,3,0,3,1,5,0,0,1,0,0,30,6,6,Dropout
1,8,1,8,1,1,3,4,1,0,1,0,0,18,6,6,Dropout
1,1,3,12,1,1,13,5,1,0,1,0,1,20,7,7,Non-Dropout
1,12,1,14,1,12,1,5,0,1,0,0,0,25,5,5,Dropout
1,1,5,12,1,1,23,6,1,0,1,0,0,18,7,7,Non-Dropout
5,1,3,6,1,1,13,5,1,0,1,0,0,21,5,5,Non-Dropout
1,1,1,12,1,1,5,3,0,0,1,0,0,18,8,8,Non-Dropout
1,1,1,12,1,1,22,10,1,0,1,0,0,18,7,7,Non-Dropout
1,8,1,16,1,1,3,3,1,0,0,0,0,29,6,6,Dropout
1,14,1,8,1,1,3,3,0,0,1,0,0,20,17,12,Non-Dropout
1,4,1,12,1,3,3,5,0,0,1,0,0,26,7,8,Dropout
1,1,2,10,1,1,23,8,1,0,1,0,0,21,6,6,Non-Dropout
1,9,1,12,1,1,22,6,0,0,1,0,1,19,8,8,Non-Dropout
1,8,2,11,1,1,13,6,1,1,1,0,0,19,6,6,Dropout
1,8,1,15,1,1,23,10,0,0,1,0,0,21,6,6,Non-Dropout
1,9,1,3,0,1,1,5,0,1,1,0,0,20,6,6,Non-Dropout
1,1,6,12,1,1,22,10,1,0,1,0,1,18,7,8,Non-Dropout
1,1,2,15,1,1,19,4,1,0,0,0,0,20,6,6,Dropout
1,1,1,10,1,1,13,10,0,0,1,0,1,20,6,6,Non-Dropout
1,14,1,12,1,1,13,5,0,0,1,0,1,18,7,7,Non-Dropout
1,7,1,5,1,1,1,4,1,0,1,0,0,18,6,6,Non-Dropout
1,1,1,15,1,1,22,10,1,0,1,0,0,18,6,6,Non-Dropout
1,8,1,6,1,1,2,3,1,0,1,0,0,18,5,5,Non-Dropout
1,15,1,6,1,14,3,3,1,0,1,0,0,22,6,6,Non-Dropout
1,15,3,6,1,14,1,5,1,0,1,0,0,19,5,5,Non-Dropout
1,8,1,4,1,1,13,10,1,0,1,0,1,19,6,6,Non-Dropout
1,1,2,13,1,1,13,10,1,0,1,0,0,18,7,8,Non-Dropout
1,1,1,10,1,1,23,28,1,1,1,0,0,20,6,6,Non-Dropout
1,8,1,16,1,1,23,6,1,0,1,0,0,18,6,6,Dropout
1,8,2,14,1,1,1,6,1,0,1,0,0,21,6,6,Dropout
1,1,1,10,1,1,1,5,0,0,1,0,0,19,6,6,Non-Dropout
1,1,5,12,1,1,23,10,1,0,1,0,0,18,8,8,Dropout
1,1,4,15,1,1,10,12,1,0,1,0,0,18,6,6,Non-Dropout
1,8,1,2,1,1,1,7,1,0,1,0,0,18,0,0,Non-Dropout
1,8,1,6,1,1,13,5,1,1,0,0,1,21,6,6,Dropout
1,1,1,9,1,1,1,6,0,1,1,0,0,19,5,5,Non-Dropout
1,1,1,9,1,1,22,10,1,0,1,0,1,19,5,5,Non-Dropout
1,8,3,10,1,1,1,5,1,0,1,0,0,19,6,6,Dropout
1,1,1,2,1,1,5,4,0,0,1,0,0,18,0,0,Non-Dropout
1,14,1,11,1,1,23,10,0,0,1,0,1,19,6,6,Dropout
1,8,2,12,1,1,23,6,1,0,1,0,1,20,7,8,Dropout
1,1,3,12,1,1,12,2,1,0,0,0,0,18,8,8,Dropout
1,1,1,2,1,1,13,9,1,0,1,0,1,19,0,0,Dropout
1,1,1,5,1,1,13,6,1,0,1,0,0,18,6,6,Non-Dropout
1,1,1,6,1,1,13,4,0,0,1,0,0,18,6,6,Non-Dropout
1,1,1,10,1,1,1,6,0,0,1,0,1,19,6,6,Non-Dropout
1,1,2,9,1,1,13,5,1,0,1,0,0,20,5,5,Non-Dropout
1,8,5,12,1,1,1,5,1,0,1,0,1,19,7,8,Non-Dropout
1,1,3,12,1,1,13,2,1,0,1,0,0,18,8,8,Non-Dropout
1,12,1,11,1,1,13,5,0,1,1,0,0,25,6,6,Dropout
1,8,5,5,1,1,22,10,1,0,0,0,0,18,6,6,Non-Dropout
1,1,5,15,1,1,23,10,1,0,1,0,0,19,6,6,Non-Dropout
1,8,2,13,1,1,13,5,1,0,1,0,1,19,7,8,Non-Dropout
1,1,1,9,1,1,13,6,0,1,0,0,1,20,5,5,Dropout
1,8,5,12,1,1,1,6,1,0,1,0,0,18,7,8,Non-Dropout
1,8,4,6,1,1,23,5,1,0,1,0,0,20,5,5,Non-Dropout
1,8,1,10,1,1,1,10,1,0,1,0,0,21,6,6,Non-Dropout
1,1,2,2,1,1,3,3,1,0,1,0,0,19,0,0,Non-Dropout
2,12,1,3,0,9,22,8,0,0,1,0,0,42,6,6,Non-Dropout
1,8,1,8,1,1,3,3,1,1,0,0,0,18,6,6,Non-Dropout
1,1,1,5,1,1,22,10,0,0,1,0,1,19,6,6,Non-Dropout
1,1,6,11,1,1,23,10,1,0,1,0,0,18,6,6,Non-Dropout
1,5,1,6,1,1,13,5,1,0,1,0,0,21,5,5,Non-Dropout
1,1,1,10,1,1,23,6,0,0,1,0,1,20,6,6,Non-Dropout
1,1,1,16,1,1,1,4,1,0,1,0,0,20,7,7,Non-Dropout
1,15,1,6,1,14,3,3,1,0,1,0,0,21,6,6,Non-Dropout
1,1,4,12,1,1,23,8,1,0,1,0,0,19,7,8,Non-Dropout
1,13,1,10,1,1,1,5,0,0,1,0,0,21,13,11,Non-Dropout
1,1,1,5,1,1,23,23,1,0,1,0,0,19,6,6,Non-Dropout
1,1,1,12,1,1,13,10,0,0,1,0,1,19,7,8,Non-Dropout
1,8,2,2,1,1,1,5,1,0,1,0,0,18,0,0,Non-Dropout
1,15,1,6,1,14,22,10,1,0,1,0,0,22,6,6,Non-Dropout
1,1,2,16,1,1,3,4,0,0,1,0,0,21,6,6,Non-Dropout
1,8,4,11,1,1,22,6,1,0,1,0,1,18,6,6,Dropout
1,1,4,12,1,1,1,2,0,0,1,0,1,20,8,8,Non-Dropout
1,8,2,14,1,1,19,1,1,1,0,0,0,18,5,5,Dropout
1,8,1,10,1,1,13,8,0,0,1,0,0,20,6,5,Dropout
1,8,4,12,1,1,1,4,1,0,1,0,0,23,7,8,Non-Dropout
1,1,2,15,1,1,1,4,1,0,1,0,0,18,6,6,Non-Dropout
1,15,1,10,1,14,1,10,1,0,1,0,0,20,6,6,Non-Dropout
1,8,1,12,1,1,23,6,1,0,1,0,1,18,8,8,Non-Dropout
1,1,6,9,1,1,23,10,1,0,1,0,0,20,5,5,Non-Dropout
1,9,2,12,1,1,1,4,1,0,1,0,0,18,7,8,Non-Dropout
1,8,1,14,1,1,3,3,1,0,1,0,0,20,6,6,Non-Dropout
1,1,5,12,1,1,1,6,1,0,1,0,0,19,8,8,Non-Dropout
1,15,1,6,1,14,1,5,0,0,1,0,0,21,6,6,Non-Dropout
2,4,1,5,1,17,22,10,0,0,1,0,0,33,6,6,Non-Dropout
1,1,1,6,1,1,10,5,0,1,0,0,0,24,5,5,Dropout
1,14,1,10,1,1,1,5,0,0,1,0,1,20,11,11,Non-Dropout
1,1,1,2,1,1,13,10,1,0,1,0,0,18,0,0,Non-Dropout
1,1,4,5,1,1,1,8,1,0,1,0,0,18,6,6,Non-Dropout
1,14,1,3,0,6,19,1,0,1,1,0,0,29,6,6,Dropout
1,8,1,12,1,1,1,6,0,0,1,0,0,18,7,8,Non-Dropout
1,1,3,15,1,1,23,6,1,0,1,0,0,19,6,6,Non-Dropout
1,8,1,2,1,1,23,8,1,0,1,0,0,19,0,0,Dropout
1,8,1,10,1,1,13,6,0,0,1,0,1,18,6,6,Non-Dropout
1,14,1,12,1,1,13,8,0,0,1,0,1,19,7,8,Non-Dropout
1,13,1,16,1,1,22,10,0,0,1,0,0,20,14,12,Dropout
1,8,2,10,1,1,2,4,1,0,1,0,0,19,6,6,Non-Dropout
1,8,1,11,1,1,13,8,1,0,1,0,1,19,6,6,Non-Dropout
1,1,1,5,1,1,13,5,0,0,1,0,1,18,6,6,Non-Dropout
1,1,6,12,1,1,13,6,1,0,1,0,1,18,8,8,Non-Dropout
1,8,1,11,1,1,3,3,0,0,1,0,1,19,6,6,Non-Dropout
1,8,4,15,1,1,1,6,0,1,1,1,0,20,6,6,Dropout
1,8,1,2,1,1,22,10,1,0,1,1,1,18,0,0,Non-Dropout
1,1,6,12,1,1,4,3,1,0,1,1,0,18,7,8,Dropout
1,12,1,4,1,1,3,3,0,1,0,1,0,35,6,6,Dropout
1,8,1,7,1,1,13,10,0,0,1,1,0,18,5,5,Non-Dropout
1,1,1,2,1,1,22,6,1,0,1,1,1,19,0,0,Non-Dropout
1,1,2,15,1,1,23,5,1,0,1,1,1,19,6,6,Non-Dropout
1,8,2,9,1,1,1,6,1,0,1,1,0,20,5,5,Non-Dropout
1,14,1,5,1,1,1,5,1,0,1,1,0,19,6,6,Non-Dropout
1,1,3,9,1,1,23,10,1,0,1,1,0,19,5,5,Dropout
1,12,2,13,1,1,1,10,0,0,1,1,0,24,7,7,Dropout
1,12,1,3,0,1,22,10,1,1,0,1,0,29,6,6,Dropout
1,12,1,12,1,1,23,10,0,0,1,1,0,24,7,8,Non-Dropout
1,8,2,11,1,1,13,7,1,0,1,1,0,19,6,6,Non-Dropout
2,4,1,2,1,3,13,10,1,0,1,1,0,37,0,0,Dropout
1,3,2,5,1,1,1,5,1,0,1,1,0,18,6,6,Non-Dropout
1,15,1,7,1,14,1,10,0,0,1,1,1,20,7,6,Non-Dropout
1,1,5,9,1,1,24,4,1,0,0,1,0,18,5,5,Dropout
1,14,1,9,1,1,22,10,0,0,1,1,0,22,5,5,Non-Dropout
1,8,2,9,1,1,23,5,1,0,1,1,1,22,5,5,Non-Dropout
1,1,5,15,1,1,1,10,1,1,0,1,0,18,6,6,Dropout
1,1,3,12,1,1,1,5,1,0,1,1,0,18,8,8,Non-Dropout
1,1,1,5,1,1,22,10,1,0,1,1,0,19,6,6,Non-Dropout
1,1,1,7,1,1,23,6,0,0,1,1,0,19,5,5,Non-Dropout
1,1,1,10,1,1,13,10,0,0,1,1,0,19,6,6,Dropout
1,15,1,4,1,14,13,10,1,1,1,1,0,21,6,6,Non-Dropout
1,1,2,15,1,1,3,3,0,0,1,1,0,19,6,10,Non-Dropout
1,9,2,13,1,1,3,3,0,0,1,1,0,18,7,7,Non-Dropout
1,7,2,9,1,1,13,5,1,0,1,1,0,19,5,5,Dropout
1,4,1,15,1,17,13,5,0,0,1,1,0,25,6,6,Non-Dropout
1,1,1,5,1,1,22,10,1,0,1,1,0,22,6,6,Non-Dropout
1,12,1,12,1,1,1,5,0,0,1,1,0,24,8,8,Non-Dropout
1,1,2,12,1,1,1,6,1,0,1,1,0,19,7,8,Non-Dropout
1,14,1,7,1,1,3,3,0,0,1,1,0,18,5,5,Non-Dropout
1,8,1,2,1,1,23,5,0,0,0,1,0,20,0,0,Dropout
1,1,2,12,1,1,13,10,1,0,1,1,1,19,8,8,Non-Dropout
1,14,3,11,1,1,22,10,1,0,1,1,0,19,6,6,Dropout
1,1,1,14,1,1,3,4,1,0,1,1,0,19,6,6,Non-Dropout
1,14,1,4,1,1,22,10,0,1,1,1,0,23,6,6,Dropout
2,12,1,15,1,1,22,10,0,0,1,1,0,47,6,6,Dropout
1,1,1,5,1,1,1,4,0,0,1,1,0,19,6,6,Non-Dropout
1,1,4,2,1,1,1,5,1,0,1,1,0,19,0,0,Non-Dropout
1,1,1,2,1,1,3,3,1,0,1,1,0,18,0,0,Dropout
1,14,1,9,1,1,1,2,0,0,1,1,0,28,5,5,Dropout
1,14,1,11,1,6,19,1,1,0,1,1,0,20,6,6,Dropout
1,8,2,11,1,1,13,6,0,0,1,1,1,18,6,6,Non-Dropout
1,1,1,2,1,1,13,5,1,0,1,1,1,21,0,0,Non-Dropout
1,1,1,11,1,1,23,10,0,0,1,1,0,19,6,6,Non-Dropout
1,12,1,11,1,12,23,5,0,1,0,1,0,24,6,6,Dropout
1,12,1,8,1,1,13,29,0,0,1,1,0,24,6,6,Non-Dropout
1,12,1,6,1,9,23,10,1,1,0,1,0,25,6,6,Non-Dropout
1,12,1,11,1,1,3,4,0,0,1,1,0,28,6,6,Non-Dropout
2,12,1,17,0,1,22,10,0,0,1,1,0,37,5,5,Non-Dropout
1,14,1,7,1,1,1,5,0,0,1,1,0,19,5,5,Non-Dropout
1,8,4,12,1,1,23,6,1,0,1,1,1,18,7,8,Non-Dropout
1,12,1,11,1,12,22,12,0,0,1,1,0,48,6,6,Dropout
1,8,4,10,1,1,22,10,1,0,1,1,0,21,6,6,Non-Dropout
1,8,1,12,1,1,1,5,0,0,1,1,1,19,7,7,Non-Dropout
1,14,2,12,1,1,13,10,0,0,1,1,1,21,8,8,Non-Dropout
1,15,1,7,1,1,22,10,1,1,0,1,0,23,5,5,Dropout
1,1,1,8,1,1,1,5,1,0,1,1,0,18,5,5,Non-Dropout
1,15,1,10,1,14,1,5,0,0,1,1,0,22,6,6,Dropout
1,7,1,2,1,1,13,10,1,0,1,1,0,25,13,11,Dropout
1,4,1,6,1,15,5,3,0,1,1,1,0,27,13,11,Dropout
1,12,1,7,1,9,19,1,0,0,0,1,0,49,5,5,Dropout
1,12,1,17,0,1,13,6,0,0,0,1,0,31,5,5,Dropout
1,12,1,11,1,1,22,10,0,0,1,1,0,54,6,6,Dropout
1,4,1,1,1,15,23,6,1,1,0,1,0,25,21,16,Dropout
1,15,1,4,1,14,5,3,0,0,1,1,0,20,7,6,Non-Dropout
1,4,1,5,1,3,4,3,0,0,1,1,0,28,6,6,Dropout
2,12,1,3,0,12,22,10,0,0,1,1,0,41,7,6,Non-Dropout
1,1,2,14,1,1,1,5,0,0,1,1,1,19,6,6,Non-Dropout
1,14,1,9,1,1,1,5,0,0,1,1,0,22,5,5,Dropout
1,1,1,11,1,1,2,3,0,0,1,1,0,34,6,6,Dropout
1,12,1,4,1,1,23,10,0,1,0,1,0,28,11,10,Dropout
1,1,1,16,1,1,22,10,1,0,1,1,0,42,6,6,Non-Dropout
1,9,1,6,1,1,1,4,0,0,0,1,0,21,6,6,Non-Dropout
1,4,1,4,1,3,24,10,0,0,1,1,0,50,6,6,Dropout
1,1,4,9,1,1,3,4,1,0,1,1,0,19,5,5,Dropout
1,14,1,12,1,1,3,3,0,0,1,1,0,18,7,7,Dropout
2,12,1,17,0,1,22,2,0,0,1,1,0,59,5,5,Dropout
2,4,1,17,0,3,19,13,1,0,0,1,0,33,5,5,Dropout
1,8,2,5,1,1,22,10,1,0,1,1,1,23,6,6,Non-Dropout
2,12,1,17,0,12,22,6,0,0,1,1,0,44,5,5,Dropout
2,1,4,3,0,1,19,1,1,0,1,1,0,37,6,6,Dropout
2,12,1,2,1,12,22,10,0,0,1,1,0,36,0,0,Dropout
1,1,2,17,0,1,1,5,0,0,0,1,0,22,5,5,Dropout
2,12,1,3,0,12,22,7,0,0,1,1,0,49,6,6,Non-Dropout
1,16,1,15,1,1,1,6,1,0,1,1,0,23,6,6,Non-Dropout
1,1,1,5,1,1,1,5,1,0,1,1,0,19,6,6,Non-Dropout
2,14,1,3,0,1,22,6,0,0,1,1,0,47,6,6,Dropout
1,14,1,4,1,1,1,5,0,0,1,1,0,28,18,12,Non-Dropout
1,15,1,4,1,14,1,10,0,0,1,1,0,21,6,6,Non-Dropout
1,1,1,11,1,1,23,10,0,1,0,1,0,21,6,6,Dropout
1,14,1,10,1,14,2,2,0,0,1,1,0,21,11,10,Non-Dropout
1,1,1,5,1,1,13,5,0,0,1,1,0,20,6,6,Non-Dropout
2,13,1,9,1,1,22,10,0,0,0,1,0,49,5,5,Dropout
1,12,1,17,0,1,13,7,0,0,1,1,0,40,5,5,Non-Dropout
1,8,1,11,1,1,1,4,0,0,1,1,1,22,6,6,Non-Dropout
1,13,1,7,1,1,1,6,0,0,1,1,0,19,5,5,Non-Dropout
1,12,1,17,0,1,3,3,0,0,1,1,0,31,5,5,Dropout
1,13,1,7,1,1,5,3,0,0,1,1,0,30,6,6,Dropout
1,1,1,10,1,1,22,6,0,0,1,1,0,19,6,6,Non-Dropout
1,9,1,9,1,1,19,12,0,0,1,1,0,22,5,5,Dropout
1,1,1,15,1,1,13,10,0,0,1,1,0,19,6,6,Non-Dropout
1,8,1,2,1,1,1,5,0,0,0,1,0,21,0,0,Dropout
1,8,3,14,1,1,1,5,0,0,1,1,0,19,6,6,Non-Dropout
1,14,2,9,1,1,1,4,1,0,1,1,0,22,5,5,Dropout
1,1,1,10,1,1,4,3,0,0,1,1,0,22,6,6,Non-Dropout
1,1,1,10,1,1,1,5,0,0,1,1,0,19,6,6,Non-Dropout
1,12,1,11,1,14,1,6,0,0,0,1,0,26,6,6,Dropout
1,15,1,7,1,14,5,4,0,0,1,1,0,23,7,6,Non-Dropout
1,8,1,5,1,1,13,8,0,0,1,1,0,18,6,6,Non-Dropout
1,1,1,9,1,1,22,10,0,1,1,1,1,22,5,5,Non-Dropout
1,9,5,7,1,1,3,3,1,0,1,1,0,19,5,5,Non-Dropout
1,8,1,9,1,1,1,5,0,0,1,1,0,20,5,5,Dropout
1,1,3,5,1,1,22,10,1,0,1,1,1,22,6,6,Non-Dropout
1,4,1,8,1,3,2,3,1,0,0,1,0,18,5,5,Dropout
4,14,2,17,0,13,3,3,0,0,1,1,0,39,2,4,Dropout
1,1,1,12,1,1,13,12,0,0,1,1,0,18,8,8,Dropout
1,8,3,7,1,1,1,4,0,0,1,1,1,18,5,5,Non-Dropout
1,1,1,10,1,1,13,10,0,0,1,1,1,19,6,6,Non-Dropout
1,1,1,12,1,1,1,10,0,0,1,1,0,18,7,8,Non-Dropout
1,1,1,9,1,1,19,1,1,0,1,1,1,18,5,5,Dropout
1,15,1,8,1,14,22,7,1,0,1,1,0,22,5,5,Non-Dropout
1,1,1,10,1,1,1,4,0,0,1,1,0,19,6,6,Non-Dropout
1,1,1,8,1,1,13,10,1,0,1,1,0,18,5,5,Dropout
1,12,1,7,1,12,1,5,0,1,0,1,0,31,5,5,Dropout
1,12,1,17,0,1,3,4,0,0,1,1,0,28,5,5,Dropout
1,1,1,5,1,1,1,5,0,0,1,1,0,19,6,6,Dropout
1,8,1,11,1,1,1,5,0,0,1,1,0,20,6,6,Non-Dropout
4,12,1,10,1,1,13,10,0,0,1,1,0,50,6,6,Dropout
1,14,1,5,1,1,1,5,0,0,1,1,0,38,6,6,Non-Dropout
2,12,1,17,0,1,22,10,1,0,1,1,0,31,5,5,Dropout
1,12,1,12,1,1,1,10,1,0,1,1,0,27,7,7,Non-Dropout
1,9,1,10,1,1,1,10,1,0,1,1,0,21,6,6,Non-Dropout
2,12,1,7,1,1,22,10,0,0,1,1,0,34,5,5,Dropout
1,16,1,7,1,1,2,3,1,0,1,1,0,19,5,5,Non-Dropout
2,12,1,17,0,1,22,2,1,0,0,1,0,40,5,5,Dropout
1,1,1,2,1,1,23,10,1,0,1,1,1,18,0,0,Non-Dropout
2,12,1,5,1,9,22,6,0,1,0,1,1,46,6,6,Dropout
1,14,5,3,0,1,19,1,0,0,1,1,0,37,6,5,Dropout
1,12,1,4,1,1,13,10,1,0,1,1,0,31,6,6,Dropout
1,12,1,4,1,1,1,5,0,0,1,1,0,34,6,6,Non-Dropout
1,1,6,2,1,1,8,5,1,0,1,1,1,18,0,0,Dropout
1,1,1,14,1,1,23,10,0,0,1,1,1,18,6,6,Non-Dropout
1,8,4,5,1,1,1,4,1,0,1,1,1,19,6,6,Non-Dropout
1,14,1,17,0,1,22,10,0,0,1,1,0,40,5,8,Dropout
1,12,1,8,1,1,1,10,0,0,1,1,0,25,6,6,Dropout
1,8,5,7,1,1,23,6,1,1,1,1,0,20,5,6,Dropout
1,8,1,7,1,1,13,10,0,0,1,1,0,20,5,5,Non-Dropout
1,12,1,4,1,1,22,10,1,0,0,1,0,43,6,6,Dropout
1,8,4,7,1,1,22,10,1,0,1,1,0,18,5,5,Non-Dropout
1,14,1,4,1,1,2,5,0,0,1,1,0,35,18,13,Non-Dropout
1,8,2,17,0,1,22,10,0,0,1,1,0,23,5,5,Non-Dropout
1,8,1,12,1,1,3,3,0,0,1,1,0,19,7,9,Non-Dropout
1,17,1,6,1,16,1,4,1,0,1,1,1,21,11,9,Non-Dropout
1,14,1,14,1,1,3,5,0,0,1,1,0,19,6,6,Non-Dropout
1,9,1,7,1,1,1,5,1,0,1,1,0,20,5,5,Non-Dropout
1,12,1,14,1,1,13,4,0,0,1,1,1,30,6,6,Dropout
4,12,1,11,1,1,22,10,1,0,1,1,0,44,6,6,Non-Dropout
1,9,1,12,1,1,13,5,0,0,1,1,0,19,8,8,Non-Dropout
1,15,1,8,1,14,2,4,1,0,1,1,0,22,18,12,Non-Dropout
1,1,1,8,1,1,3,2,0,0,1,1,0,18,5,5,Non-Dropout
1,8,1,14,1,1,22,10,1,0,1,1,1,21,6,6,Non-Dropout
1,1,2,6,1,1,22,12,0,0,1,1,0,18,6,6,Dropout
1,8,4,14,1,1,3,3,1,0,1,1,0,18,6,6,Non-Dropout
1,1,1,2,1,1,1,5,0,0,1,1,0,19,0,0,Non-Dropout
1,15,1,4,1,14,1,7,1,0,1,1,0,21,6,6,Dropout
1,12,1,4,1,1,3,3,0,0,1,1,0,31,6,6,Non-Dropout
1,8,5,11,1,1,1,3,1,0,1,1,0,21,6,6,Dropout
1,12,1,7,1,1,13,10,0,1,1,1,0,24,5,5,Non-Dropout
1,13,1,15,1,1,13,5,0,0,1,1,0,27,4,5,Dropout
1,1,5,9,1,1,13,10,1,0,1,1,0,20,5,5,Non-Dropout
1,15,1,7,1,14,1,5,1,0,1,1,0,22,5,5,Non-Dropout
1,1,1,4,1,1,13,10,0,0,1,1,1,19,6,6,Non-Dropout
1,9,1,15,1,1,1,5,1,0,1,1,0,19,6,6,Non-Dropout
1,1,1,2,1,1,1,8,1,1,1,1,0,23,17,17,Non-Dropout
1,8,1,8,1,1,10,3,1,0,1,1,0,18,6,6,Non-Dropout
1,1,1,15,1,1,3,5,1,0,0,1,0,29,6,6,Non-Dropout
1,12,1,8,1,1,1,5,1,0,1,1,0,29,5,5,Dropout
1,15,1,4,1,1,1,5,0,0,1,1,0,20,6,6,Non-Dropout
1,1,5,2,1,1,13,10,1,0,1,1,1,19,0,0,Non-Dropout
1,8,3,2,1,1,3,3,1,0,1,1,0,22,0,0,Non-Dropout
1,1,2,14,1,1,3,4,1,0,1,1,0,20,6,6,Non-Dropout
1,12,1,8,1,1,13,10,1,0,1,1,0,24,5,5,Non-Dropout
1,1,1,14,1,1,22,6,0,0,0,1,0,21,6,6,Dropout
1,12,1,9,1,1,22,8,0,0,1,1,1,25,5,5,Non-Dropout
1,12,1,9,1,1,22,10,0,0,0,1,0,32,5,5,Dropout
1,14,1,17,0,1,3,3,0,0,0,1,0,26,12,8,Dropout
1,1,1,8,1,1,2,10,1,0,1,1,1,18,6,6,Non-Dropout
1,8,1,11,1,1,1,5,0,0,1,1,1,19,6,6,Non-Dropout
1,1,3,5,1,1,13,6,1,0,1,1,1,19,6,6,Non-Dropout
1,4,1,7,1,15,1,5,0,0,1,1,0,27,6,5,Dropout
1,17,1,4,1,1,13,10,0,1,1,1,0,21,12,12,Non-Dropout
1,8,1,7,1,1,13,5,0,0,1,1,0,20,5,5,Non-Dropout
1,15,1,5,1,14,13,5,1,0,1,1,0,21,6,6,Non-Dropout
1,1,5,15,1,1,22,6,1,0,1,1,0,22,6,6,Non-Dropout
1,1,1,2,1,1,1,6,1,1,0,1,0,19,0,0,Non-Dropout
1,8,4,9,1,1,23,6,1,0,1,1,1,18,5,5,Dropout
1,12,2,10,1,1,13,6,0,0,1,1,0,28,5,5,Dropout
2,12,1,4,1,1,1,10,0,1,0,1,0,25,10,7,Dropout
1,14,1,4,1,1,22,6,0,0,1,1,0,25,14,13,Dropout
1,1,1,9,1,1,23,10,0,0,1,1,0,18,5,5,Non-Dropout
1,1,1,11,1,1,4,5,0,0,1,1,0,26,6,6,Dropout
1,8,3,9,1,1,22,7,1,0,1,1,1,18,5,5,Non-Dropout
1,14,1,15,1,1,13,10,1,0,1,1,0,22,6,6,Non-Dropout
1,12,1,4,1,1,1,5,0,0,1,1,0,25,6,6,Dropout
1,1,2,15,1,1,3,5,1,0,1,1,0,19,6,6,Non-Dropout
1,8,2,15,1,1,3,3,1,0,1,1,0,19,6,6,Non-Dropout
1,8,1,12,1,1,1,6,0,0,1,1,0,19,7,8,Non-Dropout
4,12,1,3,0,12,1,10,0,0,1,1,0,45,8,8,Dropout
2,12,1,17,0,1,22,10,0,0,1,1,0,52,5,5,Non-Dropout
1,1,1,9,1,1,13,10,1,0,0,1,0,20,5,5,Dropout
1,1,1,12,1,1,23,6,1,0,1,1,0,19,8,8,Non-Dropout
1,1,1,12,1,1,1,10,0,1,0,1,0,21,7,7,Dropout
2,12,1,3,0,1,22,10,0,0,0,1,0,35,6,6,Non-Dropout
2,12,1,2,1,9,22,8,1,0,1,1,0,36,0,0,Non-Dropout
4,12,1,12,1,12,22,6,0,1,0,1,0,47,7,8,Dropout
1,9,1,17,0,1,28,3,0,0,1,1,0,22,5,5,Dropout
2,12,1,17,0,1,22,10,1,0,1,1,0,41,5,5,Dropout
1,4,1,7,1,3,19,12,0,0,1,1,0,26,5,5,Dropout
2,12,1,3,0,1,19,12,0,0,0,0,0,51,6,6,Dropout
2,12,2,17,0,1,22,10,0,0,1,0,0,43,5,5,Non-Dropout
2,12,2,3,0,1,19,1,1,0,1,0,0,41,6,6,Non-Dropout
1,14,2,9,1,1,19,10,1,0,1,1,0,23,10,10,Non-Dropout
1,14,2,10,1,1,19,1,1,0,1,1,0,22,6,5,Dropout
1,8,2,5,1,1,22,10,1,0,1,1,1,25,6,6,Dropout
1,14,1,17,0,1,22,10,1,0,1,1,0,25,15,14,Non-Dropout
1,17,1,2,1,16,1,10,1,0,0,1,1,22,12,11,Non-Dropout
1,12,1,4,1,1,1,30,0,0,1,1,0,24,7,6,Non-Dropout
1,12,1,6,1,2,23,10,0,0,1,1,0,47,6,6,Dropout
2,12,1,17,0,12,22,6,1,0,1,1,0,41,5,5,Dropout
1,12,1,4,1,1,22,10,1,0,1,1,0,43,6,6,Non-Dropout
1,12,1,4,1,1,1,10,0,0,1,1,0,29,3,4,Dropout
1,12,2,7,1,1,22,6,0,0,1,1,0,30,2,2,Dropout
1,12,2,9,1,13,13,10,0,0,0,1,0,26,4,5,Dropout
1,12,2,17,0,1,13,10,0,0,0,1,0,27,5,5,Dropout
2,12,2,14,1,1,22,10,0,0,1,1,1,36,5,5,Non-Dropout
1,12,1,4,1,12,1,5,0,0,1,1,0,29,9,7,Dropout
1,13,1,7,1,1,19,1,1,0,1,1,0,35,10,8,Dropout
1,1,1,15,1,1,23,7,0,0,1,1,1,18,6,6,Non-Dropout
1,1,1,17,0,1,23,10,0,0,1,1,1,24,5,5,Non-Dropout
1,1,3,15,1,1,23,10,1,0,1,1,1,18,6,6,Dropout
1,8,4,7,1,1,23,6,1,0,1,1,0,18,5,5,Non-Dropout
2,14,1,6,1,1,22,10,0,0,1,1,0,21,5,5,Non-Dropout
1,13,1,7,1,1,23,6,1,0,1,1,0,21,5,5,Non-Dropout
1,12,1,4,1,1,1,3,0,0,1,1,0,32,18,12,Non-Dropout
1,1,4,7,1,1,22,10,1,0,1,1,1,22,5,6,Dropout
1,4,1,4,1,3,1,10,1,0,0,1,0,32,17,12,Dropout
1,14,1,14,1,6,19,1,0,0,1,1,0,35,5,5,Dropout
1,9,3,9,1,1,1,5,1,0,0,1,0,23,5,5,Dropout
1,12,1,3,0,1,22,7,0,0,1,1,0,39,6,6,Non-Dropout
2,14,1,14,1,1,19,1,0,0,1,1,0,35,5,5,Dropout
2,12,1,4,1,3,3,5,0,0,1,1,0,32,6,12,Non-Dropout
1,1,1,16,1,1,19,1,0,0,1,1,0,20,6,6,Dropout
1,12,1,12,1,1,22,10,0,0,1,1,0,34,7,7,Non-Dropout
1,4,1,17,0,15,22,7,1,0,1,1,0,44,7,5,Dropout
2,12,1,11,1,12,22,10,0,0,1,1,0,53,11,9,Non-Dropout
1,12,1,7,1,12,22,10,0,1,0,1,0,28,5,5,Dropout
1,4,1,17,0,3,22,10,0,0,1,1,0,31,9,5,Dropout
1,1,1,2,1,1,1,6,0,1,0,1,0,18,0,0,Non-Dropout
1,12,1,4,1,1,1,10,0,1,0,1,0,44,7,6,Dropout
1,1,1,6,1,1,1,10,1,0,1,1,0,19,5,5,Non-Dropout
1,6,1,2,1,1,1,3,0,0,1,1,0,21,12,11,Non-Dropout
1,9,1,7,1,1,3,4,0,0,1,1,1,18,5,5,Dropout
1,15,1,4,1,14,13,6,1,0,1,1,0,20,6,6,Non-Dropout
1,12,1,5,1,1,22,8,0,0,1,1,0,55,6,6,Non-Dropout
1,1,1,9,1,1,13,5,0,0,1,1,0,27,5,5,Non-Dropout
1,8,2,7,1,1,10,6,0,0,1,1,0,19,5,5,Dropout
1,1,1,9,1,1,13,10,0,0,1,1,0,18,5,5,Non-Dropout
2,12,1,15,1,1,22,8,0,0,1,1,0,43,6,6,Dropout
1,9,3,11,1,1,13,10,1,0,1,1,0,18,6,6,Dropout
1,1,1,2,1,1,3,3,1,0,1,1,0,18,0,0,Dropout
1,8,5,11,1,1,22,10,1,1,1,1,1,20,6,6,Dropout
2,12,1,17,0,1,22,10,0,1,0,1,0,29,5,5,Dropout
1,12,1,8,1,12,22,10,1,1,1,1,0,44,6,6,Dropout
1,1,1,7,1,1,22,10,1,0,1,1,0,18,5,5,Non-Dropout
1,15,1,4,1,14,22,10,0,0,1,1,1,20,6,6,Non-Dropout
1,14,1,5,1,1,23,9,1,0,1,1,0,20,6,9,Dropout
2,12,2,9,1,1,22,10,1,0,1,1,0,36,4,5,Dropout
1,15,1,8,1,14,5,3,1,0,1,1,0,19,6,6,Non-Dropout
2,12,1,6,1,12,22,12,0,0,0,1,0,29,5,5,Dropout
1,1,1,14,1,1,1,10,1,0,1,1,0,18,6,6,Dropout
1,12,1,4,1,1,1,2,0,0,0,1,0,24,6,6,Dropout
1,1,1,15,1,1,3,3,0,0,1,1,0,20,6,6,Non-Dropout
2,12,1,3,0,12,13,10,0,1,0,1,0,45,6,5,Dropout
1,14,2,12,1,1,23,5,1,0,1,1,1,28,23,23,Non-Dropout
1,1,1,11,1,1,13,10,1,0,1,1,0,23,6,6,Non-Dropout
1,1,1,12,1,1,1,5,1,0,1,1,0,18,7,8,Non-Dropout
1,1,2,9,1,1,13,10,1,0,1,1,0,23,5,5,Dropout
1,14,1,2,1,1,3,3,1,0,1,1,0,22,0,0,Non-Dropout
1,1,1,5,1,1,13,6,0,0,1,1,1,22,6,6,Non-Dropout
1,12,1,17,0,9,22,6,0,0,1,1,0,33,5,5,Non-Dropout
1,17,1,4,1,16,1,10,0,0,1,1,0,21,12,12,Non-Dropout
2,12,1,9,1,1,22,10,0,0,1,1,0,45,5,5,Non-Dropout
2,12,1,4,1,1,22,10,0,0,0,1,0,44,10,7,Dropout
4,12,1,14,1,1,13,12,0,0,1,1,0,42,6,6,Dropout
1,9,1,9,1,1,13,10,1,0,1,1,0,20,5,5,Dropout
1,8,6,9,1,1,13,6,1,0,1,1,0,20,5,5,Non-Dropout
1,1,2,11,1,1,1,3,1,0,1,1,1,20,6,6,Non-Dropout
1,8,2,15,1,1,1,5,1,0,1,1,0,20,6,6,Non-Dropout
1,1,2,9,1,1,1,10,0,0,1,1,0,19,5,5,Non-Dropout
1,16,1,3,0,1,1,5,0,1,0,1,0,26,8,10,Dropout
2,12,1,4,1,1,22,9,0,0,1,1,0,31,6,6,Non-Dropout
1,1,1,15,1,1,1,10,0,1,1,1,1,19,6,6,Non-Dropout
1,12,1,15,1,12,22,1,1,0,1,1,0,28,6,6,Non-Dropout
1,1,1,2,1,1,13,10,1,0,1,1,1,20,0,0,Non-Dropout
2,1,2,3,0,1,22,10,1,0,1,0,0,43,6,6,Non-Dropout
1,12,1,2,1,12,1,3,0,0,1,1,1,25,0,0,Dropout
1,12,1,10,1,12,22,10,0,1,1,0,0,40,6,6,Dropout
1,15,1,6,1,14,5,2,0,0,1,0,0,20,6,6,Non-Dropout
2,12,1,3,0,9,22,10,0,0,1,0,0,46,6,6,Non-Dropout
1,16,1,1,1,1,13,6,0,0,1,0,0,26,21,14,Non-Dropout
2,12,1,12,1,1,3,6,0,0,1,0,1,34,7,8,Non-Dropout
1,9,3,16,1,1,23,10,1,0,1,0,0,19,6,6,Dropout
1,1,6,12,1,1,13,10,1,0,1,0,1,18,8,8,Non-Dropout
1,1,1,13,1,1,13,5,1,0,1,0,0,18,7,8,Non-Dropout
1,12,1,3,0,1,23,10,0,0,1,1,1,37,7,6,Non-Dropout
1,8,1,2,1,1,13,10,0,0,1,1,1,23,0,0,Non-Dropout
1,14,1,5,1,1,13,10,0,0,1,1,0,26,14,13,Non-Dropout
1,5,2,15,1,1,13,4,1,0,0,0,0,18,6,6,Dropout
1,6,1,12,1,1,3,14,1,0,1,0,0,18,7,7,Non-Dropout
1,8,4,12,1,1,3,3,1,0,1,0,0,19,7,8,Non-Dropout
1,5,2,6,1,1,13,5,0,0,1,0,0,18,6,6,Non-Dropout
1,1,1,14,1,1,1,5,1,0,1,0,0,19,6,6,Dropout
1,8,4,7,1,1,1,29,1,0,1,1,0,20,5,5,Non-Dropout
1,8,1,5,1,1,1,2,0,0,1,0,1,22,6,6,Non-Dropout
1,1,3,12,1,1,13,10,1,0,1,0,1,18,8,8,Non-Dropout
1,8,1,11,1,1,13,6,0,0,1,0,1,18,6,6,Non-Dropout
1,1,3,15,1,1,23,6,1,0,1,0,1,18,6,6,Non-Dropout
1,1,6,11,1,1,23,6,1,0,1,0,1,18,6,6,Non-Dropout
1,1,2,11,1,1,4,8,1,0,1,0,0,18,6,6,Non-Dropout
1,8,6,12,1,1,1,8,1,0,1,0,1,19,7,8,Non-Dropout
1,8,1,16,1,1,13,6,0,0,1,0,0,20,6,6,Dropout
1,8,4,10,1,1,1,10,1,0,1,0,1,19,6,6,Dropout
1,1,2,6,1,1,3,5,1,0,1,0,0,18,6,6,Non-Dropout
1,1,4,5,1,1,1,10,1,0,1,0,1,18,6,6,Dropout
1,8,6,12,1,1,13,8,1,0,1,0,1,18,7,8,Non-Dropout
1,8,2,15,1,1,3,3,1,0,1,0,0,18,6,6,Non-Dropout
1,8,1,9,1,1,13,5,0,0,1,0,1,18,5,5,Non-Dropout
1,8,1,15,1,1,1,5,1,1,1,0,0,18,6,6,Non-Dropout
1,15,1,4,1,14,22,10,0,0,1,0,1,20,6,6,Non-Dropout
1,7,2,10,1,1,23,4,1,0,1,0,1,19,6,6,Non-Dropout
1,8,1,8,1,1,2,3,1,0,1,0,1,18,6,6,Non-Dropout
1,1,1,10,1,1,23,9,1,0,1,0,1,19,6,6,Non-Dropout
1,8,2,16,1,1,3,2,1,0,1,0,0,19,6,6,Non-Dropout
1,14,1,8,1,1,3,4,0,0,1,0,0,19,5,5,Non-Dropout
1,1,1,14,1,1,13,8,0,0,1,0,0,19,6,6,Non-Dropout
1,6,1,14,1,1,27,3,0,1,1,0,0,20,6,6,Non-Dropout
1,9,1,8,1,1,23,10,1,0,1,0,1,18,5,5,Non-Dropout
1,4,1,9,1,3,1,5,0,0,1,0,0,33,5,5,Dropout
1,1,1,16,1,1,13,5,0,0,1,0,1,19,7,6,Dropout
1,8,2,13,1,1,1,10,0,0,1,0,1,18,7,8,Non-Dropout
1,8,1,5,1,1,13,5,0,0,1,0,0,19,6,6,Dropout
1,15,1,4,1,14,23,7,0,0,1,0,0,19,6,6,Non-Dropout
1,1,3,15,1,1,3,3,1,0,1,0,0,18,6,6,Non-Dropout
1,1,1,10,1,1,13,10,1,0,1,0,0,20,6,6,Non-Dropout
1,1,5,12,1,1,13,8,1,0,1,0,0,19,8,8,Non-Dropout
1,1,2,15,1,1,13,10,1,0,1,1,1,18,6,6,Non-Dropout
1,8,2,11,1,1,1,6,1,1,1,1,1,19,6,6,Dropout
1,14,1,3,0,1,22,10,1,0,1,0,0,25,16,13,Non-Dropout
1,8,3,5,1,1,3,5,1,0,1,0,1,20,6,6,Non-Dropout
1,1,1,3,0,1,23,6,0,0,1,0,0,19,6,6,Non-Dropout
1,8,1,17,0,1,19,1,1,1,1,1,0,33,5,5,Dropout
1,9,4,7,1,1,13,32,1,1,1,1,0,18,5,5,Non-Dropout
1,1,1,7,1,1,13,6,1,0,1,1,0,18,5,5,Non-Dropout
1,6,1,9,1,1,1,3,0,0,1,0,0,19,5,5,Non-Dropout
1,1,2,2,1,1,3,3,1,0,1,0,0,18,0,0,Non-Dropout
1,14,1,9,1,1,23,20,0,0,1,0,0,19,5,5,Non-Dropout
1,1,1,15,1,1,13,6,1,0,1,0,0,18,6,6,Dropout
1,8,5,16,1,1,3,3,1,0,1,0,0,18,6,6,Non-Dropout
1,1,3,12,1,1,13,8,1,0,1,0,0,18,8,8,Non-Dropout
2,12,1,12,1,12,23,3,0,0,1,0,0,37,7,7,Dropout
1,1,1,10,1,1,23,3,0,0,1,0,0,20,6,5,Non-Dropout
1,1,1,11,1,1,22,6,1,0,1,0,1,20,6,6,Non-Dropout
1,6,1,10,1,1,13,10,0,0,1,1,0,21,6,6,Non-Dropout
1,8,1,12,1,1,23,6,0,0,1,0,1,18,7,8,Non-Dropout
1,12,1,3,0,1,13,10,0,0,1,0,0,26,6,6,Non-Dropout
1,12,1,9,1,9,22,10,0,1,1,0,0,41,5,5,Non-Dropout
1,1,2,15,1,1,13,4,1,0,1,0,1,18,6,6,Non-Dropout
1,1,4,12,1,1,13,10,0,1,1,0,0,18,8,8,Non-Dropout
1,1,1,12,1,1,23,10,1,0,1,0,0,31,7,8,Non-Dropout
1,1,1,10,1,1,1,5,0,1,1,0,0,23,6,6,Non-Dropout
1,1,4,12,1,1,22,10,1,0,1,0,0,19,7,7,Non-Dropout
1,7,3,15,1,1,22,5,1,0,1,0,1,20,6,6,Non-Dropout
2,12,1,3,0,1,22,8,0,0,1,0,0,40,9,7,Non-Dropout
1,15,1,6,1,14,22,10,1,1,1,0,0,32,6,6,Dropout
1,1,4,11,1,1,22,10,1,0,1,0,0,24,6,6,Dropout
1,8,4,12,1,1,13,6,1,0,1,0,0,18,7,7,Non-Dropout
1,1,1,10,1,1,22,10,0,0,1,0,0,18,6,6,Non-Dropout
1,1,1,10,1,1,13,5,1,0,1,0,1,18,6,6,Non-Dropout
1,12,1,4,1,1,23,5,1,0,0,0,0,27,6,6,Dropout
1,1,1,9,1,1,23,10,0,0,1,0,0,18,5,5,Non-Dropout
1,12,1,17,0,1,13,10,0,0,1,0,0,26,5,5,Non-Dropout
1,1,1,16,1,1,13,10,1,0,1,0,0,19,6,6,Non-Dropout
1,8,2,3,0,1,22,1,1,0,1,0,0,19,6,6,Non-Dropout
1,9,2,9,1,1,1,6,1,0,1,0,0,21,5,5,Non-Dropout
1,1,4,9,1,1,1,5,1,0,1,0,0,24,5,5,Non-Dropout
1,8,1,16,1,1,22,10,0,0,1,0,0,20,6,6,Dropout
1,1,4,16,1,1,13,6,1,0,1,0,0,18,6,6,Non-Dropout
1,12,1,4,1,1,13,10,0,0,1,0,0,30,6,6,Dropout
1,1,1,16,1,1,13,10,1,1,0,0,0,22,7,7,Non-Dropout
1,4,1,9,1,3,22,10,0,0,1,0,0,21,9,10,Non-Dropout
1,12,1,13,1,1,13,5,0,0,1,0,0,26,7,8,Dropout
1,8,1,9,1,1,13,8,1,0,1,0,0,23,5,5,Non-Dropout
1,8,1,5,1,1,13,6,0,0,1,0,1,18,6,6,Non-Dropout
1,1,1,5,1,1,1,6,1,1,1,0,0,21,6,6,Dropout
1,14,1,2,1,1,13,10,0,0,1,0,1,18,0,0,Dropout
1,8,3,6,1,1,13,6,1,0,1,0,0,21,5,5,Non-Dropout
1,8,3,16,1,1,23,8,1,0,1,0,0,18,6,6,Non-Dropout
1,8,3,16,1,1,22,6,1,0,1,0,1,19,6,6,Dropout
1,8,1,11,1,1,1,5,1,0,1,0,0,22,6,6,Non-Dropout
1,1,3,10,1,1,23,6,1,0,1,0,0,19,6,6,Non-Dropout
1,1,5,6,1,1,23,10,1,0,0,0,0,19,5,5,Dropout
1,8,1,10,1,1,22,8,1,0,1,0,0,19,6,6,Dropout
2,15,1,6,1,14,22,30,0,0,1,0,0,27,5,5,Non-Dropout
1,5,1,6,1,1,22,6,1,0,1,0,0,22,5,5,Non-Dropout
1,1,1,15,1,1,22,10,1,0,1,0,0,18,6,6,Dropout
1,8,4,11,1,1,23,6,1,0,1,0,0,20,6,6,Non-Dropout
2,14,1,17,0,1,22,10,0,0,1,0,0,34,8,7,Dropout
1,8,2,12,1,1,1,6,1,0,1,0,0,18,7,8,Non-Dropout
1,8,2,15,1,1,1,6,1,0,1,1,0,20,6,6,Non-Dropout
1,1,1,8,1,1,1,6,1,0,1,0,0,20,5,5,Non-Dropout
1,12,1,17,0,1,1,5,0,0,1,1,0,25,5,5,Dropout
1,1,4,7,1,1,3,3,1,0,1,1,0,18,5,5,Dropout
1,1,1,8,1,1,1,10,0,0,0,1,0,18,6,6,Dropout
1,8,1,16,1,1,13,6,1,0,1,0,1,18,6,6,Dropout
1,8,1,11,1,1,1,6,0,0,1,0,1,19,6,6,Non-Dropout
1,8,2,16,1,1,23,6,1,0,1,0,1,19,6,6,Dropout
1,15,1,10,1,1,1,6,0,0,1,0,1,21,6,6,Non-Dropout
1,13,1,5,1,1,3,3,0,0,1,0,0,29,10,11,Non-Dropout
1,1,1,5,1,1,1,10,1,0,1,0,1,20,6,6,Non-Dropout
1,16,1,3,0,16,13,19,1,1,1,0,1,21,13,11,Non-Dropout
1,14,1,17,0,1,22,10,0,0,1,0,0,34,2,1,Dropout
1,1,4,15,1,1,1,4,1,0,1,0,0,20,6,6,Non-Dropout
1,12,1,17,0,1,22,10,0,0,1,1,0,24,5,5,Dropout
1,1,1,12,1,1,1,5,0,0,1,1,0,18,7,8,Non-Dropout
1,1,1,12,1,1,1,5,0,0,1,1,0,19,7,7,Non-Dropout
1,1,1,9,1,1,1,8,0,0,1,1,1,18,5,5,Non-Dropout
1,12,9,17,0,1,23,10,0,0,1,1,0,28,5,5,Non-Dropout
1,12,1,17,0,1,1,10,0,0,1,1,0,28,5,5,Dropout
1,8,1,11,1,1,23,1,0,0,1,1,0,20,6,6,Dropout
1,14,1,12,1,1,1,8,1,0,1,1,0,22,8,8,Non-Dropout
1,1,4,12,1,1,13,5,1,0,1,1,0,19,8,8,Non-Dropout
1,1,1,14,1,1,1,8,1,0,1,1,0,20,6,6,Non-Dropout
1,12,2,13,1,1,3,3,0,0,1,1,0,26,7,5,Dropout
1,1,2,11,1,1,22,10,1,0,0,1,0,21,6,6,Dropout
1,7,2,2,1,1,3,3,1,0,1,1,0,18,0,0,Non-Dropout
1,8,1,9,1,1,22,10,1,0,1,1,0,18,5,5,Non-Dropout
1,1,2,2,1,1,13,5,1,0,1,1,0,22,17,17,Non-Dropout
2,12,1,7,1,12,22,10,0,0,1,1,0,36,5,5,Dropout
1,1,1,15,1,1,23,10,1,0,1,1,1,20,6,6,Non-Dropout
1,8,5,14,1,1,3,3,0,0,1,1,0,20,6,6,Dropout
1,12,1,17,0,1,22,6,0,0,1,1,0,25,5,5,Dropout
1,12,1,4,1,1,22,7,0,0,1,1,0,35,6,6,Non-Dropout
1,1,1,2,1,1,1,8,0,0,1,1,0,22,0,0,Dropout
1,14,1,5,1,1,3,4,0,0,1,1,0,26,7,8,Non-Dropout
1,15,1,4,1,14,23,10,0,1,0,1,0,20,6,6,Dropout
1,14,1,3,0,9,22,10,0,0,1,1,0,50,13,11,Dropout
1,1,1,12,1,1,13,10,0,0,1,1,0,20,8,8,Dropout
1,1,1,12,1,1,3,3,0,0,1,1,0,20,7,8,Non-Dropout
1,4,1,4,1,3,3,3,0,0,0,1,0,35,6,6,Dropout
1,1,1,14,1,1,3,5,0,0,1,1,1,19,6,6,Non-Dropout
2,12,2,9,1,1,22,6,0,0,1,1,0,43,5,5,Dropout
1,8,5,12,1,1,3,3,0,0,1,1,0,19,8,8,Non-Dropout
1,12,1,12,1,1,22,10,0,0,1,1,0,25,8,8,Non-Dropout
1,7,1,2,1,1,1,6,1,0,1,1,0,19,0,0,Non-Dropout
1,8,2,16,1,1,1,10,1,0,1,1,1,20,6,6,Non-Dropout
1,1,1,2,1,1,23,6,1,0,1,1,0,22,0,0,Dropout
1,1,1,11,1,1,22,4,0,0,1,1,1,19,6,6,Dropout
2,12,1,17,0,1,13,4,0,0,1,1,0,32,5,5,Dropout
2,12,1,15,1,13,22,10,1,0,1,1,0,57,6,6,Non-Dropout
1,1,1,12,1,1,1,4,0,0,0,1,0,20,7,7,Dropout
1,12,1,17,0,1,1,6,1,0,0,1,0,38,5,5,Dropout
2,12,1,17,0,1,22,10,0,0,1,1,0,45,5,5,Non-Dropout
2,12,1,15,1,1,22,10,0,1,0,1,0,43,6,6,Dropout
1,8,4,5,1,1,23,10,1,0,1,1,0,19,6,6,Non-Dropout
2,12,1,17,0,12,13,5,0,0,0,1,0,49,5,5,Dropout
2,12,1,12,1,12,22,10,1,0,1,1,0,43,8,8,Non-Dropout
1,12,1,3,0,1,22,10,0,0,1,1,0,34,6,5,Dropout
1,8,5,7,1,1,13,6,1,1,1,1,0,18,5,5,Non-Dropout
2,12,1,17,0,1,23,2,0,0,1,1,0,43,5,5,Non-Dropout
1,1,2,11,1,1,13,10,0,0,1,1,0,21,6,6,Dropout
2,12,1,17,0,1,19,13,0,0,1,1,0,40,5,5,Non-Dropout
1,8,1,14,1,1,13,6,1,0,1,1,1,19,6,6,Non-Dropout
1,1,1,11,1,1,22,2,0,0,1,1,0,27,6,6,Non-Dropout
2,13,1,13,1,1,22,10,0,0,1,1,0,43,7,8,Dropout
1,14,1,17,0,1,22,10,0,0,1,1,0,31,5,5,Non-Dropout
1,15,1,4,1,14,23,19,1,1,1,1,0,26,6,6,Non-Dropout
1,12,1,17,0,1,22,28,0,0,1,1,0,34,5,5,Non-Dropout
4,14,1,12,1,12,19,1,0,0,1,1,0,30,14,14,Non-Dropout
2,12,1,12,1,12,23,8,0,0,1,1,0,36,7,8,Dropout
1,4,1,17,0,3,22,7,0,1,0,1,0,46,5,5,Dropout
1,8,1,6,1,1,1,6,0,0,1,1,0,22,5,5,Non-Dropout
1,4,1,4,1,3,1,6,0,0,1,1,0,27,6,6,Dropout
1,1,2,7,1,1,1,20,1,0,1,1,0,20,5,5,Non-Dropout
1,16,1,9,1,1,13,10,0,0,1,1,0,20,5,5,Non-Dropout
1,13,1,7,1,1,13,12,0,1,0,1,0,31,4,5,Dropout
1,1,1,7,1,1,22,10,1,1,1,1,0,20,5,5,Non-Dropout
1,8,1,15,1,1,1,12,1,0,0,1,0,21,6,6,Dropout
1,8,1,9,1,1,13,10,0,0,1,1,0,21,5,5,Dropout
1,1,1,9,1,1,1,10,0,0,1,1,0,19,5,5,Non-Dropout
1,8,4,9,1,1,13,5,1,0,1,1,1,20,5,5,Non-Dropout
1,1,1,4,1,1,23,10,0,0,1,1,0,18,6,6,Non-Dropout
1,1,2,15,1,1,1,5,0,0,1,1,1,18,6,6,Non-Dropout
1,12,1,12,1,1,1,22,0,1,1,1,0,30,7,7,Non-Dropout
1,12,1,11,1,12,13,4,0,1,0,1,0,34,6,6,Dropout
1,8,1,14,1,1,13,29,0,1,0,1,0,21,6,6,Non-Dropout
1,15,1,5,1,14,22,10,0,0,1,1,0,20,7,9,Dropout
1,1,1,12,1,1,22,10,0,0,1,1,0,18,8,8,Non-Dropout
1,1,1,2,1,1,1,5,1,1,1,1,0,21,0,0,Dropout
2,13,1,4,1,1,3,3,0,0,1,1,0,26,6,6,Dropout
1,8,1,7,1,1,23,8,1,1,1,1,0,20,5,5,Dropout
1,15,1,4,1,14,1,2,0,0,1,1,0,25,6,6,Dropout
1,8,1,14,1,1,1,5,0,0,1,1,0,19,5,5,Non-Dropout
1,12,2,9,1,1,13,5,1,0,1,1,0,24,5,5,Dropout
1,1,1,8,1,1,3,3,0,0,1,1,0,20,5,5,Non-Dropout
1,1,1,9,1,1,1,10,0,0,1,1,0,20,5,5,Dropout
1,3,3,5,1,1,3,10,1,0,1,0,0,18,6,6,Non-Dropout
4,12,1,13,1,1,13,10,0,0,1,0,0,25,7,8,Non-Dropout
1,8,1,11,1,1,23,10,1,0,1,0,0,22,6,6,Non-Dropout
1,14,1,3,0,1,22,1,0,0,0,0,0,41,6,6,Dropout
1,1,2,9,1,1,22,8,0,1,1,0,1,19,5,5,Dropout
1,14,1,8,1,1,3,4,1,0,1,0,0,21,6,6,Non-Dropout
1,12,1,6,1,1,1,6,1,1,1,0,0,30,6,6,Dropout
1,1,5,12,1,1,23,10,1,0,1,0,1,21,7,8,Non-Dropout
2,12,2,13,1,1,13,10,0,0,1,0,1,26,7,8,Non-Dropout
1,6,1,14,1,1,1,10,0,0,1,0,0,21,7,6,Non-Dropout
1,1,1,12,1,1,1,4,1,0,1,0,0,18,8,8,Non-Dropout
1,1,4,6,1,1,3,2,1,0,1,0,1,19,6,6,Non-Dropout
1,1,2,6,1,1,1,10,1,0,1,0,1,18,6,6,Non-Dropout
1,8,2,9,1,1,2,3,1,0,1,0,0,19,5,5,Non-Dropout
1,14,1,6,1,1,3,3,0,0,1,0,0,21,6,6,Non-Dropout
1,8,2,9,1,1,13,10,1,0,1,0,1,18,5,5,Dropout
1,12,1,12,1,1,22,8,1,0,1,0,1,24,8,8,Non-Dropout
1,1,1,8,1,1,4,3,1,0,1,0,0,21,5,5,Non-Dropout
1,15,1,6,1,14,13,10,1,0,1,0,0,23,6,6,Non-Dropout
1,8,2,12,1,1,23,6,1,0,1,0,1,18,8,8,Non-Dropout
1,12,1,6,1,1,4,3,0,0,0,0,0,26,6,6,Non-Dropout
1,1,1,8,1,1,23,6,1,0,1,0,0,20,5,5,Non-Dropout
1,1,1,10,1,1,4,6,0,0,1,0,0,18,6,6,Non-Dropout
1,1,1,10,1,1,2,4,1,0,1,0,0,20,6,6,Non-Dropout
1,1,1,12,1,1,13,5,1,0,1,0,0,20,8,8,Non-Dropout
1,8,2,10,1,1,1,5,1,0,1,0,0,18,6,6,Non-Dropout
1,1,4,15,1,1,1,10,1,0,1,0,1,22,6,6,Non-Dropout
1,1,1,12,1,1,22,10,1,1,1,0,0,20,7,7,Non-Dropout
1,8,4,12,1,1,1,10,1,0,1,0,1,19,7,8,Non-Dropout
1,1,1,8,1,1,3,3,1,1,1,0,0,18,6,6,Dropout
1,8,2,9,1,1,23,7,0,0,1,0,0,18,5,5,Non-Dropout
1,1,4,6,1,1,22,10,1,0,1,0,1,19,5,5,Non-Dropout
1,1,2,5,1,1,13,10,1,0,1,0,1,19,6,6,Non-Dropout
1,8,1,3,0,1,19,1,0,0,1,0,0,24,6,6,Non-Dropout
1,1,1,10,1,1,22,5,0,0,1,0,0,21,6,6,Non-Dropout
1,1,1,10,1,1,1,4,1,0,1,0,1,20,6,6,Non-Dropout
1,12,1,11,1,1,13,5,0,1,0,0,1,28,6,6,Dropout
1,1,2,16,1,1,22,10,1,0,1,0,0,21,6,6,Non-Dropout
1,1,1,12,1,1,22,29,1,1,1,1,0,20,7,8,Non-Dropout
1,13,1,4,1,1,3,3,0,0,0,1,0,36,6,6,Dropout
2,12,1,17,0,1,22,10,0,0,0,1,0,42,4,5,Dropout
2,12,1,17,0,1,22,10,0,0,1,1,0,47,5,5,Dropout
1,12,1,7,1,1,1,5,0,0,0,1,0,25,5,5,Dropout
1,12,1,14,1,9,1,4,0,0,1,1,1,25,6,6,Non-Dropout
2,12,1,3,0,12,13,7,0,0,1,1,0,48,6,5,Dropout
1,14,1,17,0,1,23,10,0,0,1,1,1,32,10,10,Non-Dropout
1,4,1,17,0,15,23,10,0,0,1,1,0,38,10,10,Dropout
1,4,1,10,1,15,22,6,0,0,1,1,0,37,16,11,Non-Dropout
1,12,2,9,1,1,22,10,0,0,0,1,0,26,5,5,Dropout
1,15,1,6,1,14,3,3,0,0,1,1,0,23,6,6,Dropout
1,15,1,4,1,14,23,4,0,0,1,1,0,23,6,6,Non-Dropout
1,15,1,4,1,14,2,10,0,0,1,1,0,20,6,6,Non-Dropout
1,12,1,12,1,4,3,4,1,0,1,1,0,26,7,8,Dropout
1,14,1,3,0,1,22,10,0,0,1,0,0,45,9,7,Non-Dropout
1,12,1,3,0,12,22,6,1,0,1,0,1,26,6,6,Non-Dropout
1,14,1,3,0,3,7,12,0,0,1,0,0,26,11,7,Non-Dropout
1,12,1,17,0,1,22,10,0,0,1,0,0,25,5,5,Non-Dropout
1,7,4,12,1,1,1,5,1,0,1,0,0,18,8,8,Non-Dropout
1,4,1,12,1,3,22,8,1,0,1,0,0,27,8,8,Non-Dropout
6,8,3,3,0,1,13,6,0,0,0,0,0,24,5,5,Dropout
1,8,1,9,1,1,23,7,1,0,1,0,0,20,5,5,Non-Dropout
1,1,1,12,1,1,1,10,1,0,1,0,1,18,7,7,Dropout
1,8,6,13,1,1,13,8,1,0,1,0,1,18,7,8,Non-Dropout
1,1,4,12,1,1,22,10,1,0,1,0,0,18,8,8,Non-Dropout
1,1,1,12,1,1,13,4,1,0,1,1,0,19,8,8,Non-Dropout
1,13,3,12,1,1,1,5,1,0,1,0,1,19,8,8,Non-Dropout
1,1,4,12,1,1,10,6,0,0,1,0,1,19,7,7,Non-Dropout
1,1,4,12,1,1,23,10,1,0,1,0,0,18,8,8,Non-Dropout
1,8,2,2,1,1,13,10,1,0,1,0,1,18,0,0,Non-Dropout
1,14,2,14,1,1,3,6,1,0,1,0,0,19,5,6,Non-Dropout
1,4,0,4,1,3,1,5,1,0,1,0,0,23,17,12,Non-Dropout
1,1,2,10,1,1,13,5,1,0,1,0,1,21,6,6,Non-Dropout
1,1,3,12,1,1,23,6,1,0,1,0,1,18,7,8,Non-Dropout
1,1,1,16,1,1,19,10,1,1,0,0,0,20,6,6,Dropout
1,14,1,15,1,1,13,6,1,0,1,0,0,23,6,6,Non-Dropout
1,1,1,10,1,1,22,10,1,0,1,0,0,20,6,6,Non-Dropout
1,1,1,5,1,1,22,6,0,0,1,0,1,18,6,6,Non-Dropout
1,1,1,3,0,1,22,10,0,0,1,0,0,29,11,7,Non-Dropout
1,12,1,15,1,7,23,6,1,0,1,1,0,28,6,6,Dropout
1,1,3,14,1,1,22,8,1,0,1,1,0,19,5,5,Non-Dropout
1,12,1,14,1,1,13,8,0,1,0,1,0,24,6,6,Dropout
1,12,1,2,1,1,22,10,0,1,1,1,1,33,0,0,Dropout
1,8,1,9,1,1,13,6,1,0,0,1,0,19,5,5,Dropout
1,1,1,6,1,1,23,10,0,0,1,1,0,19,6,6,Non-Dropout
4,12,1,3,0,1,22,8,0,0,1,1,0,37,9,7,Non-Dropout
1,1,1,2,1,1,23,10,1,1,0,1,1,18,0,0,Non-Dropout
4,12,1,17,0,1,22,10,0,0,1,1,0,29,5,5,Non-Dropout
2,12,1,12,1,13,22,10,0,0,1,1,0,37,7,8,Non-Dropout
1,12,1,12,1,1,22,10,0,0,1,1,0,36,7,8,Dropout
1,1,2,14,1,1,1,8,1,0,1,1,0,19,6,6,Non-Dropout
1,13,1,12,1,1,13,10,1,0,1,1,1,33,14,14,Non-Dropout
1,13,1,7,1,1,1,6,0,0,0,1,0,34,7,7,Dropout
1,1,1,11,1,1,3,4,1,0,1,0,0,18,6,6,Non-Dropout
1,15,1,8,1,14,3,3,1,0,1,0,0,20,6,6,Dropout
1,1,1,15,1,1,13,5,0,0,1,0,1,19,6,6,Non-Dropout
1,1,3,6,1,1,13,10,1,0,1,0,0,20,6,6,Non-Dropout
1,1,1,10,1,1,13,10,1,0,1,0,1,19,6,6,Non-Dropout
1,1,4,12,1,1,13,10,1,0,1,0,0,19,7,8,Non-Dropout
1,9,2,15,1,1,22,10,1,0,1,0,1,22,6,6,Non-Dropout
1,1,1,14,1,1,10,6,1,0,1,0,0,18,6,6,Non-Dropout
1,1,1,15,1,1,1,10,0,0,1,0,1,18,6,6,Non-Dropout
1,1,3,12,1,1,1,17,1,0,1,0,0,19,7,7,Non-Dropout
1,1,1,16,1,1,23,10,0,0,1,0,1,19,6,6,Non-Dropout
1,12,1,12,1,1,13,2,1,1,0,0,0,31,7,7,Dropout
1,8,5,12,1,1,1,5,1,0,1,0,0,18,7,8,Non-Dropout
1,1,1,10,1,1,1,10,0,1,1,0,1,19,6,6,Non-Dropout
1,1,1,2,1,1,3,3,1,0,1,0,0,18,0,0,Non-Dropout
1,8,1,10,1,1,22,10,0,0,1,0,1,19,6,6,Non-Dropout
1,1,1,12,1,1,13,10,0,0,1,0,0,19,7,7,Non-Dropout
1,1,1,9,1,1,22,10,0,0,1,0,1,19,5,5,Non-Dropout
2,4,1,3,0,3,22,1,0,0,1,0,0,30,10,7,Non-Dropout
1,14,1,15,1,1,13,6,1,0,1,0,0,18,6,6,Non-Dropout
1,9,6,12,1,1,1,4,1,0,1,0,0,18,8,8,Non-Dropout
1,9,5,6,1,1,5,3,1,0,1,0,0,21,5,5,Dropout
1,15,1,10,1,1,1,5,0,0,1,0,1,19,6,6,Non-Dropout
1,8,1,14,1,1,1,5,1,0,1,0,1,19,6,6,Non-Dropout
1,1,5,12,1,1,3,5,1,0,1,0,0,19,7,7,Non-Dropout
1,8,1,8,1,1,13,5,1,0,1,0,0,19,6,6,Dropout
1,1,2,14,1,1,1,5,1,0,1,0,1,19,6,6,Non-Dropout
2,12,1,17,0,1,22,10,0,0,1,0,1,39,5,5,Non-Dropout
1,1,2,5,1,1,3,3,1,0,1,0,0,18,6,6,Non-Dropout
1,8,1,2,1,1,3,10,1,0,1,0,0,20,0,0,Dropout
1,8,5,9,1,1,13,4,1,0,1,0,0,19,5,5,Non-Dropout
1,8,3,9,1,1,1,5,1,0,1,0,0,18,5,5,Non-Dropout
2,12,1,4,1,1,3,3,0,1,0,0,0,34,6,6,Non-Dropout
1,1,2,14,1,1,22,10,0,0,1,0,0,22,5,5,Non-Dropout
1,12,1,6,1,1,13,8,1,0,1,0,0,24,6,6,Non-Dropout
2,14,1,9,1,1,13,8,0,0,1,0,0,34,15,13,Non-Dropout
2,12,1,17,0,1,19,1,1,0,1,0,0,46,5,5,Dropout
2,12,2,9,1,1,22,10,0,0,1,0,0,50,5,5,Non-Dropout
1,12,1,17,0,1,22,10,0,0,0,0,0,37,5,5,Dropout
1,1,2,6,1,1,23,5,1,0,1,0,0,18,6,6,Non-Dropout
1,12,1,6,1,1,22,7,0,0,1,0,1,25,6,6,Non-Dropout
2,12,1,4,1,1,22,10,0,0,1,0,0,46,19,13,Non-Dropout
2,12,1,5,1,1,3,3,0,0,1,0,1,30,6,6,Non-Dropout
4,1,1,17,0,1,22,10,0,1,0,0,0,37,5,5,Dropout
2,12,1,17,0,1,22,10,0,0,1,0,0,50,5,5,Non-Dropout
1,15,1,4,1,14,23,10,1,0,1,0,0,20,6,6,Non-Dropout
2,12,2,13,1,9,19,13,0,0,1,0,0,39,3,2,Dropout
2,12,1,15,1,12,22,10,0,0,0,0,0,53,5,4,Dropout
2,13,1,9,1,1,22,10,1,0,1,0,0,54,15,13,Dropout
1,15,1,6,1,14,3,5,1,0,1,0,0,19,6,6,Non-Dropout
1,9,2,15,1,1,1,5,1,0,0,0,0,20,6,6,Dropout
1,1,3,15,1,1,1,5,1,1,1,0,0,18,6,6,Non-Dropout
1,17,1,4,1,16,1,22,0,1,1,0,0,21,13,11,Non-Dropout
1,9,3,5,1,1,1,6,1,0,1,0,0,18,6,6,Non-Dropout
1,1,1,12,1,1,13,10,1,1,1,0,0,19,7,8,Dropout
1,8,1,12,1,1,1,10,1,0,1,0,1,18,7,7,Dropout
1,1,1,15,1,1,1,4,1,0,1,0,0,19,6,6,Non-Dropout
1,1,1,2,1,1,1,5,1,0,1,0,1,18,0,0,Dropout
1,1,2,14,1,1,2,5,1,0,1,0,0,19,6,6,Non-Dropout
4,14,1,3,0,9,19,1,1,0,1,0,0,48,6,6,Non-Dropout
4,14,1,10,1,1,22,10,0,1,1,0,0,34,6,6,Non-Dropout
1,1,1,6,1,1,3,3,0,0,1,0,0,18,5,5,Non-Dropout
2,12,1,3,0,1,22,10,0,0,1,0,0,50,6,6,Non-Dropout
1,14,1,16,1,1,22,7,0,1,1,0,0,41,21,19,Non-Dropout
1,8,2,15,1,1,1,6,1,0,1,0,1,22,6,6,Dropout
4,12,1,9,1,1,22,10,0,0,1,0,0,43,5,5,Non-Dropout
2,12,1,3,0,12,3,12,0,0,1,0,0,50,1,6,Dropout
1,12,1,4,1,12,22,10,0,0,1,0,0,60,6,6,Non-Dropout
2,12,1,9,1,1,22,10,0,0,1,0,0,41,5,5,Non-Dropout
2,12,1,17,0,12,22,10,0,0,1,0,0,47,5,5,Non-Dropout
1,1,1,2,1,3,3,3,0,0,1,0,0,22,17,17,Non-Dropout
2,12,1,12,1,1,22,10,0,0,1,0,0,41,7,8,Dropout
2,14,1,17,0,1,23,6,0,0,1,0,0,28,10,10,Non-Dropout
5,13,1,11,1,2,22,5,0,0,1,0,0,32,15,15,Non-Dropout
2,12,1,17,0,9,22,12,1,0,1,0,0,50,5,5,Dropout
1,16,1,9,1,1,1,10,0,0,1,0,0,53,15,13,Non-Dropout
1,12,1,13,1,1,3,5,0,1,0,0,0,54,7,5,Dropout
1,12,1,3,0,1,22,10,0,0,1,0,0,49,6,6,Non-Dropout
2,13,1,16,1,1,22,5,0,0,1,0,0,34,12,13,Dropout
4,12,1,3,0,1,23,6,0,0,1,0,0,45,6,6,Dropout
4,12,1,3,0,12,22,10,0,0,1,0,1,47,6,6,Non-Dropout
1,14,1,10,1,1,13,6,1,0,1,0,0,22,10,7,Non-Dropout
2,12,1,17,0,1,22,10,0,0,1,0,0,33,5,5,Dropout
2,12,1,3,0,1,22,10,0,0,1,0,1,43,6,6,Non-Dropout
1,4,1,4,1,3,22,7,0,0,1,0,0,54,13,12,Non-Dropout
1,12,1,3,0,2,22,6,0,0,1,0,0,39,11,8,Non-Dropout
2,12,1,17,0,1,22,10,0,0,1,0,0,39,5,5,Non-Dropout
1,1,1,16,1,1,13,10,0,0,1,0,1,18,6,6,Non-Dropout
1,8,1,10,1,1,22,10,0,0,1,0,1,19,6,6,Non-Dropout
1,8,4,14,1,1,23,10,1,0,1,0,1,18,6,6,Non-Dropout
2,12,1,3,0,9,19,1,0,0,1,0,0,44,8,6,Non-Dropout
1,12,1,17,0,1,3,4,0,0,1,0,0,27,5,5,Dropout
1,1,2,14,1,1,1,5,1,0,1,0,1,18,6,6,Non-Dropout
2,14,1,3,0,1,19,1,0,0,1,0,0,45,12,7,Dropout
1,8,4,16,1,1,23,10,1,0,1,0,0,20,6,6,Non-Dropout
2,1,1,3,0,1,22,10,0,0,1,0,0,40,6,6,Non-Dropout
1,12,1,17,0,1,22,7,0,0,1,0,0,40,5,5,Non-Dropout
1,14,1,12,1,1,3,3,0,0,1,0,0,18,7,8,Non-Dropout
1,9,6,12,1,1,3,4,1,0,1,0,0,21,8,8,Non-Dropout
1,8,2,2,1,1,2,4,1,0,1,0,0,20,0,0,Non-Dropout
2,14,1,17,0,2,22,10,0,0,1,0,0,36,12,12,Non-Dropout
2,4,1,3,0,3,13,5,0,0,1,0,0,27,5,6,Dropout
2,12,1,13,1,1,23,10,0,0,1,0,0,32,7,8,Non-Dropout
1,8,1,10,1,1,1,4,1,0,1,0,1,18,6,6,Non-Dropout
1,12,1,3,0,1,22,10,0,0,1,0,0,37,6,6,Dropout
1,8,1,15,1,1,3,3,1,0,1,0,0,19,6,6,Non-Dropout
4,12,2,3,0,1,22,8,0,0,1,0,1,41,6,6,Non-Dropout
2,1,4,12,1,1,1,5,0,0,1,0,1,18,7,7,Non-Dropout
1,14,1,6,1,1,22,12,0,0,1,0,0,21,9,7,Non-Dropout
1,15,1,4,1,1,1,4,1,1,0,0,0,23,6,6,Dropout
1,8,2,15,1,1,1,4,1,0,1,0,0,18,6,6,Dropout
1,1,6,12,1,1,13,5,1,0,1,0,0,18,8,8,Non-Dropout
1,14,4,6,1,1,19,13,0,0,1,0,0,21,6,6,Dropout
1,1,2,10,1,1,14,1,1,0,1,0,0,19,6,6,Non-Dropout
6,12,2,9,1,1,22,10,0,0,1,0,0,47,5,5,Dropout
6,12,1,3,0,1,22,10,0,0,1,0,1,48,6,6,Non-Dropout
2,4,1,3,0,3,22,10,0,0,1,0,0,39,13,10,Non-Dropout
1,1,1,12,1,1,23,8,1,0,1,0,0,19,7,8,Non-Dropout
1,14,1,17,0,2,22,10,0,0,1,0,0,38,15,14,Dropout
5,12,1,4,1,12,13,10,0,1,0,0,0,27,6,6,Dropout
1,1,1,2,1,1,13,5,1,0,1,0,1,18,0,0,Non-Dropout
1,12,1,3,0,1,13,5,0,0,1,0,0,34,6,6,Non-Dropout
2,12,1,10,1,12,22,5,0,0,1,0,0,48,6,6,Dropout
1,12,1,14,1,1,19,1,0,0,1,0,0,25,5,5,Dropout
2,12,1,12,1,1,13,7,0,0,1,0,1,32,8,8,Non-Dropout
1,1,1,15,1,1,22,10,0,0,1,0,1,18,6,6,Non-Dropout
1,15,1,3,0,14,1,5,0,1,1,0,0,20,6,6,Non-Dropout
1,1,1,9,1,1,13,10,1,0,1,0,0,20,5,5,Non-Dropout
1,1,1,2,1,1,22,10,1,0,1,0,0,20,0,0,Dropout
1,1,3,12,1,1,1,5,1,0,1,0,0,19,8,8,Non-Dropout
1,12,1,17,0,7,22,12,1,0,1,0,0,39,5,5,Dropout
1,1,1,8,1,1,6,1,1,1,1,0,0,29,5,5,Dropout
1,12,1,17,0,1,22,7,0,1,1,0,0,36,5,5,Dropout
1,1,6,12,1,1,13,10,1,0,1,0,0,18,8,8,Non-Dropout
2,12,1,3,0,9,19,1,0,0,1,0,0,51,6,6,Dropout
1,14,1,15,1,1,19,12,0,1,1,0,0,23,6,6,Dropout
1,15,1,6,1,1,17,7,1,0,1,0,0,21,6,6,Dropout
1,14,5,16,1,1,19,1,1,0,0,0,0,28,6,5,Dropout
2,12,1,17,0,1,22,10,0,0,1,0,0,34,5,5,Non-Dropout
1,12,1,3,0,1,22,7,0,0,1,0,0,41,2,6,Dropout
4,12,1,3,0,3,22,10,0,0,1,0,1,43,6,6,Non-Dropout
2,12,2,13,1,1,1,10,1,0,1,0,0,28,7,8,Non-Dropout
1,1,1,2,1,1,25,3,0,0,1,0,1,19,12,11,Non-Dropout
1,12,1,4,1,1,13,10,0,0,1,0,0,26,12,12,Non-Dropout
1,1,4,12,1,1,4,3,1,0,1,0,0,18,7,8,Non-Dropout
2,12,1,16,1,1,22,10,0,0,1,0,0,45,7,7,Dropout
1,15,1,16,1,14,3,3,0,0,1,0,0,19,6,6,Dropout
1,8,6,14,1,1,4,4,0,0,1,0,0,20,6,6,Non-Dropout
1,1,6,16,1,1,1,6,0,0,1,0,0,18,6,6,Non-Dropout
1,12,1,6,1,1,3,5,1,0,1,0,0,27,6,6,Dropout
2,1,1,4,1,1,13,6,0,0,1,0,0,20,6,6,Non-Dropout
1,1,3,6,1,1,1,5,1,0,1,0,0,18,6,6,Non-Dropout
2,12,2,14,1,1,22,10,0,0,1,0,0,35,5,5,Non-Dropout
1,12,1,2,1,1,22,10,0,0,1,0,0,26,0,0,Dropout
4,12,1,10,1,1,22,10,1,0,1,0,1,39,6,6,Non-Dropout
1,1,1,2,1,1,22,10,1,0,1,0,0,18,0,0,Non-Dropout
1,4,1,12,1,3,22,10,0,0,1,0,0,36,7,7,Dropout
2,12,1,3,0,3,22,10,0,0,1,0,0,38,11,8,Non-Dropout
2,12,1,16,1,12,22,4,0,0,1,0,0,45,6,6,Dropout
5,12,1,11,1,1,2,3,0,0,1,0,0,62,6,6,Non-Dropout
1,1,1,14,1,1,1,10,1,0,1,0,1,20,6,6,Non-Dropout
1,1,1,12,1,1,13,10,1,0,1,0,0,18,8,8,Non-Dropout
1,9,3,5,1,1,1,4,0,0,1,0,0,18,6,6,Dropout
2,1,1,17,0,3,1,5,0,0,1,0,0,23,5,5,Non-Dropout
1,1,1,5,1,1,13,10,1,1,1,0,1,19,6,6,Dropout
1,8,1,9,1,1,1,8,1,1,1,0,1,19,5,5,Non-Dropout
1,13,1,12,1,1,3,4,0,0,1,0,0,18,7,8,Non-Dropout
1,8,4,12,1,1,4,3,1,0,1,0,0,18,8,8,Non-Dropout
1,12,2,3,0,1,20,12,0,0,1,0,0,41,6,6,Non-Dropout
1,12,1,14,1,1,13,5,0,0,1,0,1,51,6,6,Non-Dropout
1,14,2,10,1,1,13,5,1,0,1,0,0,24,10,7,Non-Dropout
1,12,1,17,0,3,13,10,0,0,1,0,0,25,5,5,Dropout
1,3,1,6,1,1,1,5,0,0,1,0,0,18,5,5,Non-Dropout
1,7,6,9,1,1,22,10,1,0,1,0,0,20,5,5,Non-Dropout
1,1,1,2,1,1,1,15,1,0,1,0,0,19,0,0,Dropout
5,14,1,17,0,3,3,2,0,0,1,0,0,41,10,10,Non-Dropout
1,1,2,11,1,1,1,10,1,0,1,0,1,19,6,6,Non-Dropout
1,13,1,16,1,9,1,4,0,0,1,0,0,28,18,17,Dropout
1,1,3,5,1,1,5,6,1,0,1,0,0,21,6,6,Non-Dropout
1,1,1,6,1,1,3,2,1,0,0,0,0,22,5,5,Dropout
1,8,4,15,1,1,22,6,1,0,0,0,0,18,6,6,Non-Dropout
1,1,1,5,1,1,13,10,1,0,1,0,1,19,6,6,Non-Dropout
1,8,6,12,1,1,3,6,1,0,1,0,1,19,7,8,Non-Dropout
1,4,1,16,1,3,13,5,0,1,0,0,0,25,6,6,Non-Dropout
1,13,4,12,1,6,1,3,1,0,1,0,1,18,7,7,Non-Dropout
1,8,1,5,1,1,22,10,1,0,1,0,0,19,6,6,Non-Dropout
1,14,2,16,1,1,13,6,1,0,1,0,0,20,6,6,Non-Dropout
2,12,1,3,0,12,19,1,0,0,1,0,0,46,6,6,Non-Dropout
1,8,1,2,1,1,3,4,1,0,0,0,0,19,12,11,Non-Dropout
1,1,2,11,1,1,23,10,1,0,1,0,0,18,6,6,Non-Dropout
1,1,1,8,1,1,13,10,1,0,1,0,1,18,6,6,Non-Dropout
1,9,1,12,1,1,22,4,1,0,1,0,1,19,8,8,Non-Dropout
1,1,2,15,1,1,3,4,1,0,1,0,0,20,6,6,Dropout
2,12,1,3,0,1,22,6,0,0,1,0,1,38,6,6,Non-Dropout
1,8,1,15,1,1,1,10,1,0,1,0,0,18,6,6,Non-Dropout
1,8,5,12,1,1,1,6,1,0,1,0,1,18,7,8,Non-Dropout
1,8,1,10,1,1,13,1,1,0,1,0,0,18,6,6,Non-Dropout
1,8,1,9,1,1,3,3,0,0,1,0,0,20,5,5,Non-Dropout
1,1,1,8,1,1,3,5,1,0,1,0,0,19,6,6,Non-Dropout
4,12,1,3,0,1,13,12,0,0,0,0,0,37,4,5,Dropout
1,12,1,12,1,1,3,3,0,0,1,0,0,24,8,8,Non-Dropout
1,1,2,12,1,1,4,3,1,0,1,0,0,19,7,8,Non-Dropout
1,1,3,15,1,1,3,6,1,0,1,0,1,19,6,6,Dropout
1,8,3,13,1,1,13,10,1,0,1,0,1,19,7,8,Dropout
1,8,1,9,1,1,22,10,1,1,1,0,1,18,5,5,Non-Dropout
1,1,4,12,1,1,13,8,1,0,1,0,1,18,7,8,Non-Dropout
1,1,4,9,1,1,1,5,0,0,1,0,0,18,5,5,Non-Dropout
1,8,5,9,1,1,1,5,1,0,1,0,1,19,5,5,Non-Dropout
1,1,1,8,1,1,25,3,1,0,1,0,0,18,6,6,Dropout
1,1,4,12,1,1,1,4,1,0,1,0,0,20,7,8,Non-Dropout
1,8,1,6,1,1,3,3,1,0,1,0,0,20,6,6,Non-Dropout
1,1,1,6,1,1,2,7,0,0,1,0,0,18,6,6,Dropout
1,7,1,12,1,1,22,10,1,0,1,0,0,20,7,8,Non-Dropout
1,8,1,14,1,1,1,4,1,0,1,0,1,18,6,6,Non-Dropout
1,1,6,12,1,1,1,8,1,0,1,0,0,19,7,8,Dropout
1,1,4,12,1,1,23,6,1,0,1,0,0,18,7,8,Non-Dropout
1,17,1,6,1,16,1,5,1,0,1,0,0,20,11,9,Non-Dropout
1,1,1,12,1,1,3,2,0,0,1,0,0,18,7,8,Non-Dropout
1,7,2,6,1,1,22,10,1,0,1,0,1,19,5,5,Non-Dropout
1,8,6,10,1,1,3,2,1,0,1,0,0,19,6,6,Non-Dropout
1,8,1,8,1,1,13,6,0,0,1,0,0,19,5,5,Non-Dropout
1,1,1,12,1,1,3,3,0,0,1,0,0,18,7,8,Non-Dropout
1,8,1,16,1,1,23,5,1,0,1,0,0,19,6,6,Dropout
1,1,2,2,1,1,23,10,1,0,1,0,1,24,0,0,Non-Dropout
1,1,1,2,1,1,13,10,1,0,1,0,1,18,0,0,Non-Dropout
1,1,6,12,1,1,1,5,1,0,1,0,1,18,8,8,Non-Dropout
1,1,4,15,1,1,3,3,1,0,1,0,0,18,6,6,Non-Dropout
1,1,4,15,1,1,26,5,1,0,1,0,0,19,6,6,Dropout
1,12,1,3,0,1,22,10,0,0,1,0,1,35,8,7,Non-Dropout
1,8,6,9,1,1,22,10,1,0,1,0,0,19,5,5,Non-Dropout
1,4,1,16,1,3,22,10,0,0,1,0,0,28,15,14,Dropout
1,14,1,12,1,1,23,6,0,0,1,0,0,21,7,8,Non-Dropout
1,9,2,12,1,1,13,6,1,0,1,0,1,19,7,8,Non-Dropout
1,3,2,10,1,1,25,3,1,0,1,0,0,19,6,6,Non-Dropout
1,1,1,6,1,1,3,3,0,0,1,0,0,18,5,5,Non-Dropout
1,1,1,11,1,1,10,5,1,0,1,0,0,18,6,6,Non-Dropout
1,1,2,12,1,1,3,3,1,0,0,0,0,19,7,8,Dropout
1,1,1,14,1,1,1,10,1,0,1,0,1,20,6,6,Non-Dropout
1,1,1,15,1,1,23,10,1,0,1,0,0,18,6,6,Non-Dropout
1,1,1,16,1,1,23,10,0,1,0,0,0,19,7,7,Dropout
1,1,3,15,1,1,1,10,1,0,1,0,1,20,6,6,Dropout
1,8,5,12,1,1,13,10,1,0,1,0,0,18,7,8,Non-Dropout
1,8,4,14,1,1,1,8,1,0,0,0,0,18,6,6,Non-Dropout
1,1,1,5,1,1,3,4,0,0,1,0,1,21,6,6,Non-Dropout
1,3,5,11,1,1,1,10,1,0,1,0,1,19,6,6,Non-Dropout
1,8,2,16,1,1,1,4,1,0,1,0,0,19,6,6,Non-Dropout
1,1,1,6,1,1,1,10,0,0,1,0,0,19,5,5,Non-Dropout
1,1,4,15,1,1,22,1,1,0,1,0,0,18,6,6,Dropout
1,1,1,9,1,1,1,4,0,0,1,0,1,18,5,5,Non-Dropout
1,1,2,6,1,1,23,6,1,0,1,0,0,18,5,5,Non-Dropout
2,12,1,13,1,1,22,10,0,0,1,0,0,31,7,8,Dropout
1,13,1,9,1,1,3,3,1,0,1,0,0,19,5,5,Non-Dropout
1,7,1,6,1,1,22,10,1,0,1,0,1,20,6,6,Non-Dropout
1,8,1,6,1,1,23,1,0,0,1,0,1,19,5,5,Dropout
1,8,1,10,1,1,23,10,0,0,1,0,1,19,6,6,Non-Dropout
5,4,1,8,1,3,13,10,0,0,0,0,0,27,5,5,Dropout
1,8,2,15,1,1,13,10,1,0,1,0,1,18,6,6,Non-Dropout
1,1,1,3,0,1,19,1,0,0,1,0,0,32,6,6,Dropout
1,1,4,12,1,1,23,9,1,0,1,0,0,18,8,8,Non-Dropout
1,1,3,12,1,1,13,10,1,0,1,0,1,19,8,8,Non-Dropout
1,1,2,15,1,1,13,6,0,0,1,0,0,19,6,6,Non-Dropout
1,8,2,11,1,1,10,10,1,0,1,0,0,18,6,6,Dropout
1,8,3,14,1,1,13,5,1,0,1,0,1,18,6,6,Dropout
1,12,1,15,1,12,13,26,0,1,0,0,1,24,6,6,Non-Dropout
1,8,2,10,1,1,23,8,1,0,1,0,1,19,6,6,Non-Dropout
1,8,2,11,1,1,13,10,1,1,1,0,0,21,6,6,Dropout
1,15,1,5,1,14,1,5,1,0,1,0,0,19,7,9,Non-Dropout
1,1,3,12,1,1,2,6,1,0,1,0,0,19,7,7,Non-Dropout
1,12,1,13,1,1,22,10,1,0,1,0,1,36,7,7,Non-Dropout
1,12,1,6,1,9,22,11,0,0,1,1,0,51,6,6,Dropout
1,1,3,14,1,1,1,6,1,0,1,1,1,20,6,6,Non-Dropout
1,12,1,3,0,13,1,5,0,1,0,1,0,29,6,5,Dropout
1,15,1,10,1,14,1,5,0,1,0,1,0,27,6,6,Dropout
1,12,1,7,1,1,13,10,1,0,1,1,0,33,5,5,Non-Dropout
2,2,1,9,1,2,22,10,0,0,0,1,0,57,15,14,Dropout
1,1,1,14,1,1,4,15,1,0,1,1,0,20,6,6,Non-Dropout
1,12,1,14,1,1,1,5,0,0,1,1,0,26,5,5,Dropout
1,14,1,7,1,1,1,10,0,1,0,1,0,27,5,5,Non-Dropout
1,1,1,14,1,1,1,5,0,0,1,1,0,19,5,5,Non-Dropout
1,15,1,6,1,14,10,5,1,0,1,1,0,23,6,6,Dropout
1,12,1,17,0,1,13,6,0,0,1,1,0,27,5,5,Non-Dropout
1,1,6,12,1,1,13,4,1,1,1,1,1,20,7,8,Non-Dropout
1,9,1,5,1,1,23,8,0,0,1,0,1,19,12,11,Non-Dropout
1,1,1,8,1,1,3,3,1,1,0,0,0,19,6,6,Dropout
1,1,1,5,1,1,22,10,1,0,1,0,0,20,6,6,Non-Dropout
2,4,1,9,1,3,13,10,0,0,1,0,0,33,8,5,Non-Dropout
1,14,1,17,0,1,22,10,1,0,1,0,0,22,15,14,Non-Dropout
1,1,6,9,1,1,13,5,1,0,1,0,0,18,5,5,Non-Dropout
5,12,1,12,1,3,22,10,0,0,1,0,0,27,8,8,Non-Dropout
1,12,1,17,0,1,22,10,0,0,1,0,0,27,5,5,Dropout
1,1,1,10,1,1,22,10,1,0,1,0,0,19,6,6,Non-Dropout
1,8,1,16,1,1,23,10,1,0,1,0,1,20,6,6,Non-Dropout
1,1,1,3,0,1,23,7,0,0,1,0,1,23,6,6,Non-Dropout
1,14,1,12,1,1,17,12,1,0,1,0,1,22,23,23,Non-Dropout
1,8,2,11,1,1,13,8,1,0,1,0,1,18,6,6,Dropout
1,1,4,10,1,1,13,10,0,0,1,0,1,18,6,6,Non-Dropout
1,12,1,3,0,1,23,10,0,0,1,0,1,31,6,6,Non-Dropout
1,8,4,15,1,1,23,10,0,0,1,0,0,19,6,6,Dropout
1,1,1,10,1,1,22,10,1,0,1,0,0,19,6,6,Non-Dropout
1,8,1,3,0,1,13,5,0,0,1,0,0,24,6,6,Dropout
1,1,1,12,1,1,23,4,0,0,1,0,0,19,7,8,Non-Dropout
1,8,4,9,1,1,1,5,1,0,1,0,0,19,5,5,Non-Dropout
1,12,1,14,1,1,22,10,1,0,0,0,0,26,6,6,Dropout
1,1,1,2,1,1,22,10,1,1,0,1,0,27,0,0,Dropout
1,8,4,10,1,1,13,5,1,0,1,0,0,19,6,6,Non-Dropout
2,12,1,6,1,1,13,2,0,0,1,0,0,29,5,5,Dropout
1,1,6,12,1,1,1,5,1,0,1,0,1,18,8,8,Non-Dropout
1,1,1,12,1,1,1,10,1,0,1,0,0,19,7,8,Non-Dropout
1,1,5,15,1,1,23,5,1,0,1,0,0,18,6,6,Non-Dropout
1,1,1,9,1,1,1,4,0,0,1,0,1,18,5,5,Non-Dropout
1,13,1,2,1,1,1,2,1,0,1,0,0,19,0,0,Dropout
1,8,4,12,1,1,4,5,1,0,1,0,0,19,7,8,Non-Dropout
1,8,4,11,1,1,1,5,1,0,1,0,0,19,6,6,Dropout
1,1,1,14,1,1,3,3,1,0,1,0,0,19,6,6,Non-Dropout
1,1,1,15,1,1,1,10,0,0,1,0,0,19,6,6,Non-Dropout
1,1,1,10,1,1,13,6,0,0,1,0,1,19,6,6,Non-Dropout
1,1,5,12,1,1,22,8,1,1,0,0,0,18,7,8,Dropout
1,1,4,15,1,1,13,10,1,0,1,0,0,20,6,6,Non-Dropout
1,8,1,11,1,1,13,4,0,0,1,0,0,20,6,6,Non-Dropout
1,1,1,6,1,1,23,2,1,0,1,0,0,21,5,5,Non-Dropout
2,1,1,17,0,2,22,7,0,0,1,0,0,31,10,10,Dropout
1,1,1,13,1,1,22,8,0,0,1,0,1,20,7,8,Non-Dropout
1,8,5,14,1,1,13,8,1,0,1,0,1,19,5,5,Non-Dropout
1,1,1,12,1,1,23,10,1,0,1,0,0,18,7,7,Non-Dropout
1,8,3,12,1,1,13,8,1,0,1,0,1,19,7,8,Non-Dropout
1,14,1,10,1,1,19,1,0,0,1,0,0,30,16,13,Non-Dropout
1,8,1,10,1,1,22,10,1,0,1,0,0,21,6,6,Non-Dropout
1,9,1,9,1,1,13,10,1,0,1,0,0,19,5,5,Non-Dropout
1,1,6,9,1,1,1,5,1,1,1,0,0,22,5,5,Non-Dropout
1,1,1,15,1,1,1,5,0,0,1,0,1,18,6,6,Non-Dropout
1,8,1,10,1,1,3,4,1,0,1,0,0,18,6,6,Non-Dropout
1,1,3,12,1,1,23,10,1,0,1,0,1,19,8,8,Non-Dropout
1,1,1,8,1,1,3,3,1,0,1,0,0,18,6,6,Non-Dropout
1,1,6,12,1,1,1,5,1,0,1,0,0,21,7,8,Non-Dropout
1,8,1,12,1,1,2,3,1,0,1,0,0,18,7,8,Non-Dropout
1,1,1,2,1,1,1,5,1,0,1,0,0,20,0,0,Non-Dropout
1,1,1,6,1,1,23,10,1,0,1,0,0,18,5,5,Non-Dropout
1,12,1,6,1,3,2,5,1,0,1,0,0,25,6,6,Non-Dropout
1,1,1,15,1,1,13,5,0,0,1,0,0,19,6,6,Non-Dropout
1,1,1,16,1,1,13,3,1,0,1,0,1,19,6,6,Non-Dropout
1,12,1,6,1,1,13,10,1,0,1,0,0,26,6,6,Non-Dropout
1,8,2,9,1,1,1,5,1,0,1,0,0,21,5,5,Non-Dropout
1,1,1,9,1,1,23,3,0,0,1,0,0,19,5,5,Dropout
1,8,1,12,1,1,22,10,0,0,1,0,1,19,8,8,Non-Dropout
1,1,1,10,1,1,22,10,1,0,1,0,1,18,6,6,Non-Dropout
2,14,1,17,0,1,22,10,0,0,1,0,1,32,10,10,Non-Dropout
1,1,1,10,1,1,3,6,0,0,1,0,1,18,6,6,Non-Dropout
1,1,5,12,1,1,1,4,0,0,1,0,0,20,7,7,Non-Dropout
1,8,3,9,1,1,23,8,0,0,1,0,0,20,5,5,Non-Dropout
4,12,1,14,1,1,22,5,0,1,1,0,1,39,5,5,Non-Dropout
1,1,1,8,1,1,1,10,1,0,1,0,0,20,5,5,Non-Dropout
1,1,1,2,1,1,3,5,1,1,0,0,0,18,0,0,Dropout
1,8,1,15,1,1,2,15,0,1,1,0,1,18,6,6,Non-Dropout
1,1,1,2,1,1,3,3,1,0,1,0,0,21,12,11,Non-Dropout
1,1,5,12,1,1,1,4,1,0,1,0,0,18,7,7,Non-Dropout
1,1,2,9,1,1,22,10,0,0,1,0,0,18,5,5,Non-Dropout
1,14,1,4,1,1,1,5,1,0,1,0,0,21,14,12,Non-Dropout
1,1,1,9,1,1,13,6,1,0,1,0,0,22,5,5,Dropout
1,8,1,11,1,1,1,5,1,0,1,1,0,21,6,6,Non-Dropout
1,14,1,5,1,1,13,10,1,0,1,1,1,20,6,6,Non-Dropout
1,1,2,2,1,1,23,10,1,0,1,1,1,21,0,0,Non-Dropout
1,1,1,11,1,1,1,10,1,0,1,0,1,20,6,6,Non-Dropout
1,1,4,12,1,1,13,10,1,0,1,0,0,19,8,8,Non-Dropout
1,1,1,10,1,1,1,6,0,0,1,0,1,20,6,6,Non-Dropout
1,1,1,6,1,1,13,10,1,0,1,0,0,19,5,5,Non-Dropout
1,1,1,6,1,1,1,3,1,0,1,0,1,18,5,5,Non-Dropout
1,8,2,16,1,1,3,3,1,0,1,0,0,18,6,6,Dropout
1,12,1,17,0,1,13,10,0,0,1,0,0,24,5,5,Dropout
1,1,1,11,1,1,1,5,0,1,0,0,1,21,6,6,Dropout
1,1,3,12,1,1,1,9,1,0,1,1,1,18,7,8,Non-Dropout
1,8,1,9,1,1,1,5,1,0,1,1,1,20,5,5,Non-Dropout
1,9,2,16,1,1,1,10,1,1,0,0,0,20,6,6,Dropout
1,8,3,11,1,1,10,6,1,1,1,0,0,18,6,6,Dropout
1,12,1,13,1,1,23,10,1,0,1,0,1,25,7,7,Non-Dropout
1,8,5,10,1,1,13,6,1,0,1,0,1,19,6,6,Non-Dropout
2,12,1,1,1,1,23,10,0,1,1,1,0,35,7,7,Dropout
1,1,4,12,1,1,13,10,1,0,1,0,1,19,7,8,Non-Dropout
1,1,1,14,1,1,23,10,1,0,1,1,1,18,6,6,Dropout
1,1,1,12,1,1,3,4,0,0,1,1,0,19,8,8,Non-Dropout
1,14,1,12,1,1,13,10,1,0,1,1,1,19,7,7,Non-Dropout
1,8,1,5,1,1,3,4,0,0,1,1,0,18,6,6,Non-Dropout
1,12,1,8,1,12,13,10,1,1,1,1,0,24,6,6,Dropout
1,14,1,3,0,1,19,1,1,0,1,1,0,25,14,10,Non-Dropout
1,12,1,7,1,1,22,10,1,0,1,1,0,28,5,5,Non-Dropout
1,1,1,6,1,1,1,6,0,0,1,1,1,19,6,6,Non-Dropout
1,8,2,7,1,1,13,10,0,0,1,1,0,19,5,5,Dropout
1,12,1,8,1,8,10,12,0,0,0,1,1,30,5,5,Dropout
1,1,1,12,1,1,13,5,1,0,1,1,0,19,7,7,Dropout
1,8,1,9,1,1,13,5,1,0,1,1,0,21,5,5,Dropout
1,1,1,2,1,1,22,4,0,0,1,1,0,19,0,0,Dropout
1,12,1,4,1,1,13,10,0,0,0,1,0,29,6,6,Dropout
1,1,1,14,1,1,13,10,0,0,1,1,0,18,6,6,Dropout
1,1,2,9,1,1,1,5,0,0,1,1,0,21,5,5,Non-Dropout
1,13,1,5,1,1,3,4,0,0,1,1,0,20,7,7,Dropout
1,16,1,17,0,1,23,6,0,1,1,1,0,24,10,10,Non-Dropout
1,8,2,15,1,1,1,3,1,0,0,1,0,18,6,6,Dropout
1,13,1,4,1,1,1,5,1,0,1,1,0,23,6,6,Non-Dropout
1,1,6,9,1,1,1,2,1,0,1,1,0,19,5,5,Non-Dropout
1,4,1,11,1,3,13,4,0,0,1,1,0,35,6,6,Dropout
1,1,1,12,1,1,1,10,1,0,1,1,0,20,8,8,Non-Dropout
2,12,1,10,1,16,13,9,0,0,1,1,0,33,6,5,Dropout
1,1,1,15,1,1,1,5,1,0,1,1,0,18,6,6,Non-Dropout
1,1,1,15,1,1,5,5,1,0,1,1,0,20,6,6,Non-Dropout
1,8,1,15,1,1,3,3,1,0,1,1,0,19,6,6,Dropout
1,8,5,15,1,1,23,5,1,0,1,1,0,18,6,6,Dropout
1,12,1,17,0,1,22,8,0,0,0,1,0,28,5,5,Dropout
1,1,1,9,1,1,5,2,0,0,1,1,0,18,5,5,Non-Dropout
1,1,1,15,1,1,2,4,1,1,1,1,0,25,6,6,Dropout
1,1,1,10,1,1,1,5,0,1,0,1,0,19,6,6,Dropout
1,9,2,5,1,1,23,6,0,0,1,1,0,18,6,6,Non-Dropout
1,4,1,4,1,3,3,7,1,0,1,1,0,29,6,6,Non-Dropout
1,1,1,2,1,1,2,4,1,0,1,1,0,18,0,0,Non-Dropout
1,1,1,11,1,1,3,5,0,0,1,1,1,20,6,6,Non-Dropout
1,15,1,4,1,14,3,3,0,0,1,1,0,20,6,6,Dropout
1,1,4,5,1,1,3,3,1,0,1,1,0,18,6,6,Non-Dropout
1,1,6,11,1,1,3,3,1,0,1,1,1,21,6,6,Non-Dropout
1,8,2,11,1,1,3,3,0,0,0,1,0,18,6,6,Dropout
1,1,5,7,1,1,22,12,1,0,1,1,0,20,5,5,Non-Dropout
1,14,1,3,0,1,22,10,0,0,1,0,0,23,13,11,Non-Dropout
1,12,1,17,0,1,1,10,0,0,1,0,0,26,1,5,Dropout
1,8,3,14,1,1,22,9,0,1,1,0,0,19,5,5,Dropout
1,12,1,13,1,1,22,10,1,1,0,0,1,24,7,8,Dropout
1,1,1,14,1,1,13,10,1,0,1,0,1,20,6,6,Non-Dropout
1,8,1,17,0,1,23,10,1,1,0,0,0,26,5,5,Dropout
1,12,1,9,1,9,13,8,0,0,1,0,0,31,5,5,Dropout
2,14,1,12,1,1,22,10,1,0,1,0,0,27,8,8,Non-Dropout
1,1,1,6,1,1,13,10,0,1,1,0,0,24,6,6,Non-Dropout
1,15,1,6,1,14,13,32,1,0,1,0,0,23,6,6,Non-Dropout
1,1,2,12,1,1,23,10,1,0,1,0,1,20,7,8,Non-Dropout
1,1,6,12,1,1,23,6,1,0,1,0,0,20,7,8,Non-Dropout
1,12,1,12,1,1,23,10,1,0,1,0,0,24,8,8,Non-Dropout
2,12,1,9,1,1,22,10,0,0,1,0,0,39,5,5,Non-Dropout
1,1,2,15,1,1,13,4,1,0,1,0,0,18,6,6,Non-Dropout
1,8,3,6,1,1,22,10,0,0,1,0,0,20,6,6,Dropout
1,1,2,12,1,1,1,5,1,0,1,0,0,18,7,8,Non-Dropout
1,1,2,12,1,1,22,10,1,0,1,0,0,19,7,8,Non-Dropout
1,8,1,6,1,1,1,5,1,0,1,0,0,18,5,5,Non-Dropout
1,1,1,14,1,1,22,10,1,0,1,0,0,22,5,5,Non-Dropout
1,8,4,12,1,1,1,5,1,0,1,0,0,18,7,8,Non-Dropout
1,1,1,10,1,1,3,5,0,0,1,0,1,18,6,6,Non-Dropout
4,12,1,17,0,1,22,10,0,0,1,0,0,30,5,5,Non-Dropout
2,14,1,10,1,9,22,10,0,0,1,0,0,34,16,13,Non-Dropout
1,12,1,3,0,12,22,10,0,0,1,0,0,38,6,6,Dropout
1,1,1,12,1,1,22,8,1,0,1,0,1,19,8,8,Non-Dropout
1,8,3,16,1,1,23,6,1,0,1,0,0,19,6,6,Dropout
1,14,1,15,1,1,1,5,0,0,0,0,0,21,6,6,Dropout
1,8,1,15,1,1,2,3,1,0,1,0,1,18,6,6,Non-Dropout
1,8,5,6,1,1,1,5,1,0,1,0,1,20,6,6,Non-Dropout
1,8,5,9,1,1,22,6,0,0,1,0,1,18,5,5,Non-Dropout
1,1,3,5,1,1,23,6,1,0,1,0,0,18,6,6,Non-Dropout
1,4,1,13,1,2,22,10,1,0,1,0,1,36,7,7,Dropout
1,8,4,9,1,1,23,7,1,0,1,0,1,18,5,5,Non-Dropout
1,14,1,8,1,6,1,5,1,0,1,0,1,21,5,5,Dropout
1,15,1,8,1,14,1,10,1,1,1,0,1,21,6,6,Dropout
1,6,1,6,1,1,3,5,0,0,1,0,0,18,6,6,Non-Dropout
1,8,6,14,1,1,1,5,1,0,1,0,0,18,5,5,Non-Dropout
1,1,2,12,1,1,23,10,1,0,1,0,0,19,7,7,Non-Dropout
2,12,1,4,1,12,22,10,0,1,1,0,0,29,6,6,Non-Dropout
1,15,1,9,1,14,13,10,0,0,1,0,1,20,7,5,Non-Dropout
1,8,2,12,1,1,22,10,1,0,1,0,0,18,7,7,Non-Dropout
1,1,1,6,1,1,2,5,1,0,1,0,0,19,5,5,Non-Dropout
1,1,3,9,1,1,1,4,1,0,1,0,1,19,5,5,Non-Dropout
1,12,1,3,0,1,10,10,0,1,0,0,0,37,6,5,Dropout
1,1,2,6,1,1,22,10,1,0,1,0,1,18,5,5,Non-Dropout
1,1,1,16,1,1,13,8,1,0,1,0,0,21,6,6,Dropout
1,8,1,10,1,1,1,22,0,0,1,0,1,19,6,6,Non-Dropout
1,8,2,14,1,1,3,4,0,0,1,0,0,19,5,5,Non-Dropout
2,12,1,17,0,14,23,10,0,0,1,0,1,35,5,5,Non-Dropout
2,12,1,12,1,1,22,10,0,0,1,0,0,30,7,8,Dropout
1,14,2,15,1,1,19,1,1,0,1,0,0,27,8,7,Dropout
2,1,1,11,1,1,22,10,0,0,1,0,1,45,6,6,Dropout
2,12,1,3,0,1,23,10,0,0,1,0,1,50,9,7,Non-Dropout
4,13,1,9,1,1,22,10,0,0,1,0,0,41,14,10,Non-Dropout
1,14,1,12,1,1,22,10,1,0,1,0,0,26,7,7,Non-Dropout
1,12,1,4,1,12,22,10,0,0,1,0,0,44,6,6,Dropout
5,4,1,9,1,15,22,10,0,0,1,0,0,23,15,10,Non-Dropout
1,16,1,1,1,1,13,10,0,0,1,0,0,34,12,10,Dropout
1,1,1,9,1,1,23,10,1,0,1,0,1,21,5,5,Non-Dropout
1,14,3,9,1,1,3,4,1,0,1,0,0,22,5,5,Dropout
4,12,1,3,0,1,22,10,0,0,1,0,1,32,6,6,Non-Dropout
1,8,2,13,1,1,1,8,1,0,1,0,0,20,7,8,Non-Dropout
2,4,1,3,0,3,20,12,0,0,0,0,0,59,15,8,Dropout
2,17,1,9,1,16,13,28,0,0,1,0,0,30,11,9,Non-Dropout
1,1,4,11,1,1,23,10,1,0,1,0,1,18,6,6,Non-Dropout
2,12,1,17,0,1,22,10,0,1,1,1,0,25,5,5,Non-Dropout
4,14,1,17,0,1,22,6,0,0,1,1,0,36,5,5,Non-Dropout
1,4,1,13,1,17,23,10,0,0,1,1,0,36,7,7,Dropout
1,8,6,14,1,1,23,1,0,0,0,1,0,19,6,6,Dropout
1,12,1,17,0,1,1,5,0,0,1,1,0,25,5,5,Non-Dropout
1,12,1,4,1,12,22,10,0,0,1,1,0,35,18,13,Non-Dropout
1,1,1,10,1,1,1,6,0,0,1,1,0,20,6,6,Dropout
1,12,1,4,1,1,22,10,1,0,0,1,0,35,6,6,Dropout
1,1,1,10,1,1,22,1,1,0,1,0,0,27,6,6,Dropout
1,8,3,12,1,1,13,10,1,0,1,0,0,18,8,8,Non-Dropout
1,14,1,12,1,1,23,10,0,0,1,0,0,23,7,7,Non-Dropout
1,8,2,3,0,1,13,6,1,0,1,0,0,19,6,6,Non-Dropout
1,8,2,12,1,1,22,8,1,0,1,0,1,18,7,7,Non-Dropout
1,12,1,12,1,1,13,4,0,1,0,0,0,26,7,7,Dropout
1,8,1,10,1,1,1,10,0,0,1,0,0,19,6,6,Non-Dropout
1,1,5,12,1,1,23,8,1,0,0,0,0,19,7,8,Dropout
1,1,1,2,1,1,13,6,1,0,1,0,0,18,0,0,Dropout
1,8,1,12,1,1,13,10,1,0,1,0,1,19,7,8,Non-Dropout
1,8,1,12,1,1,22,10,1,0,1,0,1,19,7,8,Non-Dropout
1,1,4,6,1,1,23,10,1,0,1,0,1,19,5,5,Non-Dropout
1,15,1,3,0,14,1,10,0,0,1,0,1,21,6,6,Non-Dropout
1,1,3,15,1,1,1,4,1,0,1,0,0,18,6,6,Non-Dropout
2,14,1,11,1,3,23,10,1,0,1,0,0,33,12,11,Non-Dropout
1,4,1,3,0,3,13,6,0,0,1,0,0,32,11,11,Non-Dropout
1,1,6,12,1,1,13,2,1,0,1,0,1,17,8,8,Non-Dropout
2,12,1,12,1,1,13,10,0,0,1,0,0,31,7,8,Dropout
2,12,1,3,0,1,13,10,0,0,1,0,1,32,6,6,Non-Dropout
1,1,2,6,1,1,25,4,1,0,1,0,0,18,6,6,Dropout
1,16,1,5,1,9,22,4,0,1,1,0,0,31,6,6,Non-Dropout
1,1,1,11,1,1,1,10,0,0,1,1,0,20,6,6,Non-Dropout
1,14,1,17,0,1,3,2,0,0,0,1,0,40,5,5,Dropout
2,1,1,17,0,1,22,10,1,0,1,1,0,32,5,5,Non-Dropout
1,4,1,7,1,3,13,2,0,0,0,1,0,40,5,5,Dropout
1,1,1,2,1,1,1,5,0,0,1,1,1,18,0,0,Non-Dropout
1,14,1,17,0,1,22,10,0,1,0,1,0,28,9,6,Dropout
1,7,2,5,1,1,1,4,1,1,1,1,0,19,6,6,Non-Dropout
1,1,1,15,1,1,1,6,0,0,1,1,1,19,6,6,Non-Dropout
1,1,6,9,1,1,23,8,0,0,1,1,0,21,5,5,Dropout
1,8,4,9,1,1,13,1,1,0,1,1,0,22,5,5,Dropout
1,8,3,7,1,1,3,4,1,0,0,1,0,18,5,5,Dropout
1,12,1,2,1,1,10,6,1,0,1,1,0,27,0,0,Dropout
1,1,1,2,1,1,1,3,0,0,1,1,0,19,10,7,Non-Dropout
2,14,1,17,0,1,22,10,1,0,1,1,0,30,10,10,Non-Dropout
1,12,1,8,1,14,1,5,0,0,1,1,0,28,6,6,Dropout
5,12,1,7,1,1,22,10,0,1,1,1,1,34,5,5,Non-Dropout
1,8,1,9,1,1,1,5,0,0,1,1,0,21,5,5,Non-Dropout
1,1,1,10,1,1,1,10,0,0,1,1,1,20,6,6,Non-Dropout
1,14,1,11,1,1,10,10,0,0,0,1,0,31,8,7,Dropout
1,8,1,7,1,1,1,10,0,1,0,1,0,21,5,5,Dropout
1,12,2,14,1,12,19,1,1,0,0,1,0,27,5,5,Dropout
1,1,6,15,1,1,23,10,1,0,1,1,0,19,6,6,Non-Dropout
1,8,4,15,1,1,3,3,1,0,1,1,0,21,6,6,Non-Dropout
1,15,1,4,1,14,13,5,1,0,0,1,0,21,6,6,Dropout
1,14,1,14,1,1,19,13,0,0,0,1,0,35,10,9,Dropout
1,12,1,6,1,1,22,12,0,0,1,1,0,28,5,5,Dropout
1,8,1,14,1,1,1,5,0,0,1,1,0,24,6,6,Non-Dropout
1,1,3,15,1,1,19,6,1,0,0,1,0,19,4,6,Dropout
1,8,1,14,1,1,1,5,0,1,0,1,0,20,6,6,Non-Dropout
1,1,1,5,1,1,3,5,1,0,1,1,1,20,6,6,Non-Dropout
1,1,1,7,1,1,22,10,0,0,1,1,0,19,5,5,Non-Dropout
1,12,1,6,1,1,25,6,0,1,0,1,0,37,7,7,Dropout
1,1,1,11,1,1,22,10,1,0,1,1,0,19,6,6,Dropout
1,12,1,12,1,1,22,10,0,0,1,1,0,36,7,7,Dropout
1,12,1,9,1,9,22,10,0,0,1,1,0,29,5,5,Dropout
1,12,1,4,1,1,23,10,0,0,1,1,0,30,6,6,Non-Dropout
1,16,1,14,1,12,2,4,0,1,1,1,0,32,6,6,Dropout
1,1,1,3,0,1,3,3,1,0,1,1,0,26,6,6,Non-Dropout
2,15,1,4,1,14,22,5,0,0,1,1,0,37,6,6,Dropout
1,12,1,7,1,1,1,5,0,0,1,1,0,27,6,6,Dropout
1,1,1,15,1,1,23,6,1,0,1,1,1,18,6,6,Non-Dropout
1,1,1,12,1,1,23,10,0,0,1,1,1,18,8,8,Non-Dropout
2,12,2,4,1,12,23,5,0,0,0,1,0,32,8,7,Dropout
1,15,1,7,1,14,3,4,0,0,1,1,0,20,5,5,Non-Dropout
1,14,1,4,1,1,3,2,0,0,1,1,0,22,6,6,Dropout
4,12,1,12,1,1,1,4,0,0,1,0,0,32,7,8,Dropout
1,1,1,9,1,1,1,10,1,0,1,0,0,21,5,5,Non-Dropout
1,8,4,14,1,1,1,5,0,0,0,0,0,19,6,6,Dropout
1,1,1,15,1,1,13,10,1,0,1,0,1,18,6,6,Non-Dropout
1,1,4,9,1,1,1,10,1,0,1,0,1,18,5,5,Non-Dropout
1,4,1,9,1,2,3,3,1,1,0,0,0,38,5,5,Dropout
1,8,3,16,1,1,19,1,1,0,1,0,0,21,6,6,Dropout
1,1,1,10,1,1,19,6,0,0,0,0,0,21,6,6,Dropout
1,1,1,17,0,1,22,10,0,0,1,1,0,26,5,5,Non-Dropout
1,1,4,12,1,1,13,10,1,0,1,0,0,19,7,7,Non-Dropout
1,1,6,12,1,1,13,10,1,0,1,0,1,19,8,8,Non-Dropout
1,8,1,11,1,1,1,10,0,1,1,0,0,18,6,6,Dropout
1,4,1,9,1,3,22,10,0,0,1,0,0,25,5,5,Dropout
1,1,6,12,1,1,22,6,1,0,1,0,0,19,14,14,Non-Dropout
1,8,2,11,1,1,1,10,1,0,1,0,1,18,6,6,Non-Dropout
1,8,1,9,1,1,22,10,0,0,1,0,1,19,5,5,Non-Dropout
1,1,1,10,1,1,13,10,1,0,1,0,1,22,6,6,Non-Dropout
1,15,1,4,1,14,23,7,1,0,1,0,0,21,6,6,Non-Dropout
1,8,1,6,1,1,13,10,1,0,1,0,1,21,6,6,Non-Dropout
1,1,1,16,1,1,23,4,0,0,1,0,1,20,7,7,Non-Dropout
2,1,1,9,1,1,13,10,0,0,1,0,0,19,5,5,Non-Dropout
1,1,4,12,1,1,13,10,1,0,1,0,0,18,7,7,Non-Dropout
1,12,1,12,1,1,13,10,0,0,1,0,0,26,7,7,Dropout
1,10,1,9,1,2,19,1,1,0,1,0,0,31,15,14,Dropout
1,8,1,10,1,1,22,10,1,0,1,0,1,18,6,6,Non-Dropout
4,4,1,9,1,3,13,6,0,0,1,0,0,35,5,5,Dropout
1,1,1,6,1,1,22,10,1,0,1,0,0,19,5,5,Non-Dropout
1,1,1,10,1,1,13,8,0,0,1,0,1,19,6,6,Non-Dropout
1,1,2,12,1,1,3,5,0,0,1,0,0,18,7,8,Non-Dropout
1,8,1,6,1,1,23,5,0,0,1,0,0,20,6,6,Non-Dropout
1,1,4,2,1,1,1,10,1,0,1,0,1,19,12,11,Non-Dropout
1,14,1,10,1,1,13,6,0,0,1,0,1,21,6,6,Non-Dropout
1,8,1,16,1,1,23,10,0,1,1,0,1,18,7,7,Non-Dropout
1,13,1,12,1,1,13,5,0,0,1,0,0,23,8,8,Non-Dropout
1,1,1,5,1,1,1,10,0,0,1,0,1,21,6,6,Non-Dropout
1,1,1,9,1,1,22,10,0,0,1,0,1,19,5,5,Non-Dropout
1,1,2,9,1,1,23,4,1,0,1,0,0,19,5,5,Non-Dropout
1,17,1,6,1,16,13,5,1,0,1,0,0,20,11,9,Non-Dropout
1,14,1,9,1,1,3,3,0,0,1,0,0,18,5,5,Non-Dropout
1,1,1,12,1,1,22,10,1,0,1,0,1,18,8,8,Non-Dropout
2,1,5,12,1,1,1,5,0,0,1,0,0,19,7,7,Non-Dropout
1,8,1,5,1,1,23,6,0,0,1,0,1,21,6,6,Non-Dropout
1,1,1,10,1,1,23,10,1,0,1,0,1,18,6,6,Non-Dropout
1,1,1,14,1,1,22,8,0,0,1,0,0,20,6,6,Non-Dropout
1,1,1,15,1,1,13,10,0,0,1,0,0,18,6,6,Non-Dropout
1,8,5,12,1,1,13,10,1,0,1,0,1,18,7,8,Non-Dropout
2,14,1,17,0,1,22,10,0,0,1,0,0,32,5,5,Non-Dropout
1,8,2,2,1,1,3,4,1,0,1,0,0,18,0,0,Non-Dropout
1,7,3,16,1,1,13,10,1,0,1,0,0,19,6,6,Non-Dropout
1,1,3,12,1,1,1,10,1,0,1,0,1,18,8,8,Non-Dropout
1,1,6,12,1,1,1,5,0,0,0,0,0,18,8,8,Dropout
1,1,5,15,1,1,13,4,1,0,1,0,0,20,6,6,Non-Dropout
1,3,1,14,1,1,1,5,1,0,1,0,0,19,6,6,Non-Dropout
1,8,4,12,1,1,23,10,1,0,1,0,0,19,8,8,Non-Dropout
1,8,1,9,1,1,23,8,0,0,1,0,0,18,5,5,Non-Dropout
1,1,4,12,1,1,1,5,1,0,1,0,0,18,7,8,Dropout
1,8,3,12,1,1,1,8,1,0,1,0,1,18,7,8,Non-Dropout
1,8,6,12,1,1,3,3,1,0,1,0,0,20,7,8,Non-Dropout
1,1,1,15,1,1,3,3,0,0,1,0,0,19,6,6,Non-Dropout
1,1,1,11,1,1,23,4,0,0,1,0,0,21,6,6,Dropout
1,1,1,16,1,1,23,10,1,0,1,0,1,19,7,7,Non-Dropout
1,8,1,10,1,1,13,5,1,0,1,0,1,20,6,6,Non-Dropout
1,1,1,12,1,1,1,10,0,0,1,0,1,21,8,8,Non-Dropout
1,15,1,6,1,14,22,10,1,0,1,0,0,23,6,6,Dropout
1,8,1,10,1,1,1,6,0,0,0,0,1,18,6,6,Dropout
2,12,1,17,0,3,3,2,0,0,1,0,0,30,5,5,Dropout
1,1,1,6,1,1,7,5,1,0,1,0,0,20,5,5,Dropout
2,14,2,9,1,1,22,10,0,0,0,0,0,29,5,5,Dropout
1,9,1,9,1,1,23,6,1,0,1,0,0,24,5,5,Non-Dropout
1,1,1,10,1,1,13,5,1,0,1,0,0,20,6,6,Non-Dropout
1,14,1,3,0,1,22,10,0,0,1,0,0,27,6,6,Dropout
2,4,1,9,1,3,22,10,0,0,1,0,0,23,5,5,Dropout
1,16,1,5,1,1,13,25,0,0,1,0,1,23,6,6,Non-Dropout
1,1,3,12,1,1,1,5,1,0,1,0,0,18,8,8,Non-Dropout
1,1,1,15,1,1,23,10,1,0,1,0,1,19,6,6,Non-Dropout
1,8,6,12,1,1,13,5,1,0,1,0,0,19,7,8,Dropout
1,1,1,15,1,1,1,9,1,0,1,0,1,18,6,6,Dropout
1,1,2,5,1,1,1,5,1,0,1,0,0,19,6,6,Non-Dropout
1,1,1,15,1,1,1,5,0,0,1,0,1,18,6,6,Non-Dropout
1,14,1,17,0,1,22,10,1,0,1,0,0,29,13,12,Non-Dropout
1,12,2,13,1,12,22,4,0,0,1,0,0,24,7,8,Non-Dropout
1,8,2,13,1,1,22,10,1,0,1,0,0,19,7,7,Dropout
1,8,1,13,1,1,1,5,0,0,1,0,0,19,7,7,Non-Dropout
1,1,1,14,1,1,23,5,0,0,1,0,0,19,6,6,Non-Dropout
1,8,4,11,1,1,22,10,1,0,1,0,0,20,6,6,Non-Dropout
1,1,2,15,1,1,1,10,0,0,1,0,0,18,6,6,Non-Dropout
1,1,2,5,1,1,1,4,1,0,0,0,0,18,6,6,Dropout
1,1,5,12,1,1,13,10,1,0,1,0,1,19,7,8,Non-Dropout
1,7,1,6,1,1,3,3,1,0,1,0,0,19,6,6,Dropout
1,1,1,2,1,1,1,6,1,0,1,0,1,18,0,0,Non-Dropout
1,1,1,15,1,1,13,10,1,0,1,0,1,19,6,6,Non-Dropout
1,1,2,12,1,1,3,3,1,0,1,0,1,18,7,8,Non-Dropout
1,12,1,17,0,1,22,10,0,0,1,0,0,24,5,5,Non-Dropout
1,12,1,12,1,1,13,6,0,1,1,0,0,28,7,7,Non-Dropout
1,13,1,12,1,1,1,5,0,0,1,0,0,20,8,8,Non-Dropout
1,1,6,12,1,1,22,10,1,0,1,0,1,19,8,8,Non-Dropout
1,8,1,9,1,1,22,10,0,0,0,0,0,22,5,5,Dropout
1,1,1,10,1,1,13,7,1,0,1,0,0,19,6,6,Non-Dropout
1,4,1,10,1,3,22,10,1,0,1,0,0,36,14,11,Non-Dropout
1,15,1,4,1,14,22,10,0,0,1,0,1,19,6,6,Non-Dropout
1,8,1,10,1,1,4,2,0,0,1,0,0,18,6,6,Non-Dropout
4,14,4,17,0,9,22,10,0,0,0,0,0,40,5,5,Dropout
1,1,2,12,1,1,23,10,1,0,1,0,1,19,7,7,Non-Dropout
4,14,1,12,1,1,22,10,0,0,1,0,0,38,8,8,Non-Dropout
1,4,1,6,1,3,22,8,0,0,1,0,0,32,10,9,Dropout
1,1,1,16,1,1,1,10,1,0,1,0,0,19,6,6,Non-Dropout
1,8,3,5,1,1,3,5,1,0,1,0,0,19,6,6,Non-Dropout
2,12,1,9,1,1,22,10,0,0,1,0,0,35,1,5,Dropout
1,1,1,9,1,1,23,4,1,0,1,0,0,20,5,4,Non-Dropout
1,8,1,16,1,1,13,4,0,0,1,0,0,29,8,8,Non-Dropout
1,1,1,17,0,1,22,10,0,0,1,0,0,29,5,5,Non-Dropout
1,1,5,12,1,1,22,8,1,0,1,0,1,19,8,8,Non-Dropout
1,1,6,12,1,1,23,8,1,0,1,0,1,18,8,8,Non-Dropout
2,12,1,3,0,12,23,1,0,1,0,0,0,25,6,6,Non-Dropout
4,12,1,3,0,12,22,10,0,1,0,0,0,50,6,5,Dropout
2,1,1,9,1,1,19,1,0,0,1,0,0,24,15,14,Dropout
1,1,5,7,1,1,23,6,0,0,1,0,0,18,5,5,Dropout
1,8,1,6,1,1,23,29,1,0,1,0,0,20,6,6,Non-Dropout
1,7,1,4,1,1,1,5,1,1,1,0,1,20,18,13,Non-Dropout
1,14,1,17,0,1,22,10,0,0,1,0,0,21,10,10,Dropout
1,12,1,10,1,1,23,10,0,1,1,1,0,28,8,6,Non-Dropout
1,1,1,11,1,1,23,10,0,0,1,1,1,19,6,6,Non-Dropout
1,1,1,12,1,1,22,10,0,0,1,1,1,18,8,8,Non-Dropout
1,8,1,2,1,1,22,10,0,0,1,1,0,22,0,0,Non-Dropout
1,15,1,4,1,14,22,10,0,0,1,1,0,25,6,6,Dropout
2,12,1,12,1,1,22,10,0,0,0,1,0,37,7,7,Dropout
1,12,1,12,1,1,22,8,0,0,0,1,0,38,7,7,Dropout
2,12,1,14,1,1,13,10,0,0,1,1,0,36,6,6,Dropout
1,1,2,12,1,1,13,10,1,0,1,1,0,18,8,8,Non-Dropout
1,1,1,14,1,1,1,1,0,0,0,1,0,19,5,6,Dropout
1,12,1,8,1,1,1,5,0,1,1,1,0,24,5,5,Dropout
1,1,1,10,1,1,1,4,0,0,1,1,0,20,6,6,Non-Dropout
1,1,1,2,1,1,22,10,1,0,1,1,0,21,0,0,Dropout
2,14,3,17,0,1,22,10,1,0,1,1,0,32,5,5,Dropout
2,12,1,17,0,12,23,8,0,0,1,1,0,39,5,5,Dropout
1,4,1,7,1,3,22,10,0,0,0,1,0,33,5,5,Dropout
1,8,2,14,1,1,22,6,0,0,1,1,1,20,5,5,Non-Dropout
1,1,1,4,1,1,23,10,0,0,1,1,0,19,6,6,Non-Dropout
2,12,1,17,0,1,22,6,0,0,0,1,0,43,5,5,Dropout
2,14,1,17,0,1,22,8,0,0,1,1,0,49,5,5,Dropout
1,1,2,15,1,1,23,6,1,0,1,1,1,18,6,6,Non-Dropout
1,12,1,4,1,1,1,29,0,0,1,1,0,27,6,6,Non-Dropout
1,1,1,9,1,1,1,10,1,0,1,1,1,19,5,5,Dropout
1,12,1,5,1,1,22,10,0,1,1,1,1,45,6,6,Dropout
1,6,1,14,1,1,22,10,1,0,0,1,0,19,6,6,Non-Dropout
1,15,1,4,1,14,1,10,0,0,1,1,1,21,6,6,Non-Dropout
1,1,1,14,1,1,1,6,0,0,1,1,1,18,6,6,Non-Dropout
1,8,3,9,1,1,22,6,0,0,1,1,0,18,5,5,Dropout
1,8,1,11,1,1,22,6,0,0,0,1,0,29,6,6,Dropout
1,1,1,14,1,1,1,5,0,0,1,1,0,19,5,5,Non-Dropout
1,1,1,9,1,1,13,10,1,0,1,1,1,18,5,5,Non-Dropout
1,15,1,5,1,14,1,10,0,0,1,1,1,22,7,9,Non-Dropout
1,8,6,12,1,1,1,5,1,0,1,1,1,18,7,8,Dropout
1,15,1,8,1,14,1,5,0,0,1,1,0,20,6,6,Non-Dropout
1,1,1,2,1,1,13,2,1,0,1,1,0,20,0,0,Dropout
4,12,1,14,1,12,22,10,0,1,1,1,1,29,6,6,Dropout
1,12,1,14,1,1,9,12,1,0,1,1,0,29,5,5,Dropout
1,14,1,15,1,1,1,5,1,0,1,1,0,23,6,6,Non-Dropout
1,8,1,2,1,1,3,3,1,1,1,1,0,19,0,0,Dropout
1,1,1,7,1,1,23,10,1,0,1,1,0,18,5,5,Dropout
2,13,1,11,1,1,2,19,1,0,1,1,0,22,6,6,Dropout
1,14,1,17,0,1,22,10,1,1,1,1,0,34,10,10,Dropout
1,14,1,17,0,4,3,3,0,0,1,1,0,26,5,5,Non-Dropout
1,8,1,2,1,1,22,8,1,0,1,1,0,24,17,17,Dropout
1,1,1,14,1,1,1,10,1,0,1,1,1,17,6,6,Non-Dropout
1,14,4,14,1,1,3,5,0,0,1,1,0,21,5,5,Non-Dropout
2,12,1,17,0,1,1,5,0,0,1,1,0,34,5,5,Non-Dropout
1,15,1,4,1,14,13,7,1,0,1,1,0,19,6,6,Non-Dropout
2,12,1,4,1,1,1,5,0,1,0,1,0,49,12,7,Dropout
1,14,1,12,1,1,2,5,0,0,1,1,0,23,7,7,Dropout
1,9,3,7,1,1,1,10,1,0,1,1,0,18,5,5,Dropout
1,1,1,12,1,1,10,5,0,0,1,1,0,20,7,8,Non-Dropout
1,1,3,14,1,1,3,3,1,0,1,1,0,19,6,6,Non-Dropout
1,13,1,4,1,14,3,3,1,0,1,1,0,24,9,10,Non-Dropout
1,1,1,9,1,1,1,5,1,0,1,1,0,18,5,5,Non-Dropout
2,12,1,11,1,12,19,1,0,1,0,1,0,45,6,6,Dropout
1,12,1,17,0,1,19,1,1,0,1,1,0,30,5,5,Dropout
1,16,1,17,0,14,1,5,0,0,1,1,0,28,15,13,Dropout
1,12,1,17,0,1,22,10,0,0,1,1,0,40,5,5,Dropout
1,12,2,9,1,12,23,5,0,0,0,1,0,32,5,5,Dropout
1,8,5,11,1,1,13,6,1,0,1,1,0,19,6,6,Dropout
1,1,1,5,1,1,1,4,1,0,1,1,0,20,6,6,Non-Dropout
1,8,1,7,1,1,1,5,0,0,1,1,0,18,5,5,Dropout
1,8,1,14,1,1,23,10,0,0,0,1,0,20,6,6,Dropout
1,12,1,17,0,1,22,10,0,0,1,1,0,39,5,5,Non-Dropout
1,8,1,6,1,1,13,5,0,0,0,1,0,19,6,6,Non-Dropout
1,12,1,17,0,9,22,10,0,0,1,1,0,38,5,5,Non-Dropout
1,8,3,12,1,1,13,5,1,0,1,1,1,18,7,7,Non-Dropout
1,8,4,12,1,1,13,10,1,0,1,1,1,18,7,8,Non-Dropout
2,14,1,8,1,7,19,1,0,0,1,1,0,28,5,5,Dropout
1,12,1,14,1,1,22,10,1,0,0,1,0,31,6,6,Dropout
1,1,1,12,1,1,2,4,0,0,1,1,0,23,7,7,Non-Dropout
1,1,1,12,1,1,23,32,1,0,1,1,0,21,7,8,Non-Dropout
1,12,1,10,1,12,22,10,0,1,0,1,0,33,6,5,Dropout
1,14,1,9,1,1,22,6,0,0,1,1,0,22,5,5,Dropout
1,15,1,7,1,14,13,10,1,1,1,1,0,20,5,5,Dropout
1,8,1,14,1,1,22,4,0,1,1,1,0,19,6,6,Non-Dropout
1,15,1,6,1,14,23,5,1,0,1,1,0,20,6,6,Non-Dropout
1,12,1,11,1,9,22,6,1,0,1,1,0,25,6,6,Non-Dropout
1,12,1,4,1,1,1,10,0,0,0,1,0,25,6,6,Dropout
1,1,4,5,1,1,4,3,1,0,1,1,0,19,6,6,Non-Dropout
1,1,1,14,1,1,2,3,1,0,1,1,0,20,5,5,Non-Dropout
2,12,1,12,1,12,13,5,0,0,1,1,0,33,7,7,Non-Dropout
1,8,5,15,1,1,1,6,1,0,1,1,0,19,6,6,Non-Dropout
1,12,1,8,1,12,19,13,0,0,1,1,0,31,5,5,Dropout
1,15,1,7,1,14,3,3,0,1,0,1,0,24,6,7,Dropout
1,15,1,7,1,14,13,4,0,1,0,1,0,23,5,5,Dropout
2,12,1,17,0,1,1,2,0,0,0,1,1,26,5,5,Dropout
2,14,1,5,1,2,22,7,1,0,1,1,0,38,18,18,Non-Dropout
1,1,6,7,1,1,13,8,1,0,1,1,1,20,5,5,Non-Dropout
1,8,5,7,1,1,1,10,1,0,1,1,0,20,5,5,Non-Dropout
1,12,1,6,1,12,3,3,0,0,1,1,0,25,6,6,Dropout
1,8,2,5,1,1,1,22,1,0,1,1,0,19,6,6,Non-Dropout
1,8,1,7,1,1,1,5,0,0,1,1,0,18,5,5,Non-Dropout
1,14,1,17,0,9,10,10,0,0,1,1,0,28,13,11,Dropout
1,1,2,7,1,1,13,10,1,0,1,1,0,18,5,5,Non-Dropout
1,1,1,11,1,1,1,10,1,0,1,1,1,20,6,6,Non-Dropout
1,1,1,8,1,1,4,4,0,0,1,1,0,18,6,6,Non-Dropout
1,8,3,9,1,1,1,4,1,0,1,1,0,19,5,5,Non-Dropout
1,13,1,12,1,1,13,10,0,1,1,1,0,24,8,8,Dropout
1,8,4,6,1,1,1,6,1,0,1,1,0,21,6,6,Dropout
1,1,1,14,1,1,3,5,0,0,1,1,1,20,6,6,Non-Dropout
1,15,1,4,1,14,13,10,1,0,1,1,0,21,6,6,Non-Dropout
2,1,1,13,1,1,13,31,0,1,1,1,0,24,7,8,Non-Dropout
1,12,1,17,0,1,23,10,0,0,1,1,0,27,5,5,Dropout
1,8,6,9,1,1,22,10,1,1,0,1,0,19,5,5,Non-Dropout
1,12,1,3,0,1,3,5,0,0,1,1,0,39,9,7,Non-Dropout
1,12,1,1,1,1,13,10,0,0,1,1,0,25,7,7,Dropout
1,4,1,2,1,3,1,10,0,0,0,1,0,18,0,0,Dropout
1,14,1,5,1,1,1,10,0,0,1,1,0,19,12,12,Non-Dropout
1,9,1,15,1,1,23,10,0,0,1,1,1,21,6,6,Non-Dropout
1,4,1,17,0,15,1,5,0,0,1,1,0,27,5,5,Dropout
1,1,3,9,1,1,1,6,1,0,1,1,0,19,5,5,Non-Dropout
1,8,3,12,1,1,3,3,1,0,1,1,0,18,8,8,Non-Dropout
1,4,1,14,1,3,16,4,1,0,1,1,0,27,12,11,Dropout
1,1,3,15,1,1,13,9,1,1,1,1,0,18,6,6,Dropout
1,1,1,8,1,1,2,10,0,0,1,1,0,19,5,5,Non-Dropout
1,15,1,4,1,14,13,10,0,0,1,1,0,19,6,6,Dropout
1,15,1,4,1,14,13,2,0,0,1,1,0,22,6,6,Non-Dropout
1,7,2,10,1,1,13,5,1,0,1,0,0,18,6,6,Non-Dropout
1,7,4,15,1,1,22,10,1,0,1,0,1,18,6,6,Non-Dropout
1,14,1,9,1,1,4,3,0,0,1,0,0,23,11,6,Dropout
1,9,4,2,1,1,1,10,1,1,0,1,0,20,0,0,Dropout
1,8,3,15,1,1,2,4,1,0,1,1,0,18,6,6,Non-Dropout
1,1,4,15,1,1,13,10,1,0,1,1,0,18,6,6,Non-Dropout
1,8,3,7,1,1,1,20,1,0,1,1,0,18,5,5,Non-Dropout
1,8,2,15,1,1,13,10,1,0,1,1,0,20,6,6,Non-Dropout
1,1,3,15,1,1,3,3,1,0,1,1,0,20,6,6,Non-Dropout
1,15,1,5,1,14,1,5,0,0,1,1,0,21,7,9,Dropout
1,14,1,2,1,1,13,10,0,0,1,1,0,22,0,0,Non-Dropout
1,8,1,7,1,1,13,6,1,0,1,1,0,20,5,5,Dropout
1,1,1,2,1,1,1,10,0,1,1,1,0,19,0,0,Non-Dropout
1,15,1,7,1,14,23,10,1,0,1,1,0,19,5,5,Non-Dropout
1,8,1,14,1,1,1,5,1,0,1,1,0,20,6,6,Non-Dropout
1,15,1,6,1,14,13,6,1,0,1,1,0,19,6,6,Dropout
1,1,1,7,1,1,1,4,1,0,1,1,0,19,5,6,Dropout
1,6,1,7,1,1,2,3,0,1,1,1,0,24,8,6,Non-Dropout
1,8,1,14,1,1,13,6,0,1,1,1,0,18,6,6,Dropout
1,1,1,7,1,1,13,10,0,0,0,1,1,18,5,5,Non-Dropout
1,1,1,10,1,1,13,10,1,1,1,0,0,18,6,6,Dropout
1,8,5,15,1,1,1,8,1,0,1,0,0,18,6,6,Non-Dropout
1,8,1,10,1,1,13,10,1,0,1,0,1,21,6,6,Non-Dropout
1,6,1,6,1,1,22,10,0,0,1,0,0,18,6,6,Dropout
1,1,1,12,1,1,1,4,1,0,1,0,1,18,7,8,Non-Dropout
1,1,2,10,1,1,13,10,1,0,1,0,1,18,6,6,Non-Dropout
1,9,6,3,0,1,3,3,1,0,1,0,0,23,6,6,Dropout
1,1,2,9,1,1,3,3,1,0,1,0,0,21,5,5,Non-Dropout
1,1,1,10,1,1,13,8,0,0,1,0,0,20,6,6,Non-Dropout
1,8,1,3,0,1,19,1,1,0,1,0,0,26,7,6,Dropout
1,1,6,15,1,1,1,5,1,0,1,0,1,18,6,6,Non-Dropout
1,1,1,2,1,1,3,10,1,0,1,0,0,18,0,0,Dropout
1,1,1,14,1,1,13,10,0,0,0,0,1,19,6,6,Non-Dropout
1,1,3,12,1,1,13,10,1,0,1,0,1,20,7,8,Non-Dropout
1,1,3,15,1,1,23,8,1,1,0,0,0,19,6,6,Dropout
1,15,1,10,1,14,22,29,1,1,1,0,0,21,6,6,Non-Dropout
1,12,1,11,1,1,22,5,0,0,1,0,0,33,10,9,Non-Dropout
1,1,2,6,1,1,3,5,0,0,1,0,0,18,5,5,Non-Dropout
1,13,1,12,1,6,22,10,0,0,1,0,0,21,21,21,Non-Dropout
1,1,1,15,1,1,3,3,1,0,1,0,0,19,6,6,Non-Dropout
4,12,1,16,1,12,23,10,0,1,0,0,0,33,7,7,Non-Dropout
2,1,4,12,1,1,23,6,1,0,1,0,0,18,7,8,Non-Dropout
1,1,1,14,1,1,1,5,0,0,1,0,1,18,6,6,Non-Dropout
1,1,3,15,1,1,13,5,1,0,1,0,1,20,6,6,Non-Dropout
1,1,2,11,1,1,22,7,1,0,0,0,0,20,6,6,Dropout
1,8,2,3,0,1,13,2,0,0,1,0,1,20,6,6,Non-Dropout
1,8,1,6,1,1,1,5,1,0,1,0,1,19,5,5,Non-Dropout
1,1,3,10,1,1,23,9,1,0,1,0,1,19,6,6,Non-Dropout
1,8,3,10,1,1,26,3,1,0,1,0,0,21,6,6,Non-Dropout
1,12,1,6,1,1,3,5,1,0,1,0,0,26,6,6,Non-Dropout
1,8,1,10,1,1,22,9,0,0,1,0,0,21,6,6,Dropout
1,1,4,12,1,1,13,6,1,0,1,0,0,18,8,8,Non-Dropout
5,12,1,16,1,12,22,10,0,0,1,0,0,27,7,7,Dropout
1,14,1,5,1,1,1,4,1,0,1,0,1,20,12,12,Non-Dropout
1,14,1,14,1,14,13,8,0,0,1,0,0,21,6,6,Non-Dropout
1,8,1,13,1,1,23,10,1,0,1,0,1,18,7,8,Non-Dropout
1,15,1,6,1,14,1,10,1,0,1,0,0,20,6,6,Non-Dropout
1,1,1,15,1,1,1,5,1,0,1,0,0,18,6,6,Non-Dropout
1,15,1,10,1,14,1,4,0,0,1,0,1,20,6,6,Non-Dropout
1,1,2,6,1,1,1,5,1,0,1,0,1,19,5,5,Non-Dropout
1,1,5,12,1,1,22,10,1,0,1,0,0,20,7,8,Non-Dropout
1,1,1,17,0,1,13,6,0,0,1,0,1,20,5,5,Non-Dropout
1,15,1,6,1,14,23,6,0,0,1,0,0,20,5,5,Non-Dropout
1,1,3,10,1,1,13,8,1,1,1,0,0,19,6,5,Dropout
1,1,1,15,1,1,3,15,0,0,1,0,0,18,6,6,Non-Dropout
1,1,1,6,1,1,23,10,1,0,1,0,0,18,5,5,Non-Dropout
1,8,1,12,1,1,23,10,1,0,1,0,1,19,7,8,Non-Dropout
1,1,6,12,1,1,10,6,1,0,1,0,0,19,7,8,Dropout
1,12,1,4,1,12,22,10,0,0,1,1,0,43,6,6,Non-Dropout
2,13,1,5,1,1,22,1,0,0,1,1,0,47,10,7,Dropout
1,13,1,9,1,1,19,13,1,0,0,1,0,23,3,2,Dropout
1,1,1,10,1,1,13,10,1,1,1,0,1,19,6,6,Non-Dropout
1,13,1,12,1,1,3,3,1,0,1,0,0,20,8,8,Non-Dropout
1,1,1,2,1,1,1,5,1,0,1,0,1,19,12,11,Non-Dropout
1,8,1,6,1,1,22,10,1,0,1,0,0,19,6,6,Non-Dropout
1,15,1,6,1,14,13,5,1,0,1,0,0,19,6,6,Non-Dropout
1,12,1,3,0,12,13,22,0,1,1,0,1,39,6,6,Non-Dropout
1,1,1,5,1,1,1,4,1,0,1,0,1,20,6,6,Non-Dropout
1,8,1,5,1,1,23,10,1,0,1,0,0,21,6,6,Non-Dropout
1,14,5,10,1,1,22,10,1,1,0,0,0,22,11,10,Non-Dropout
1,1,2,15,1,1,13,6,1,0,1,0,0,19,6,5,Dropout
1,8,1,14,1,1,1,20,1,0,1,0,0,22,6,6,Non-Dropout
1,3,2,16,1,1,13,4,1,0,1,0,1,19,6,6,Non-Dropout
1,1,1,2,1,1,22,10,1,1,1,1,0,18,0,0,Dropout
5,12,1,9,1,1,13,10,0,0,1,1,0,26,5,5,Non-Dropout
1,12,1,17,0,1,22,10,0,0,0,1,0,36,5,5,Dropout
1,9,1,2,1,1,13,6,1,1,1,1,1,20,0,0,Non-Dropout
2,12,1,9,1,1,22,10,0,0,1,1,0,30,5,5,Dropout
1,14,1,4,1,1,1,5,0,0,1,1,0,24,6,6,Dropout
1,1,1,9,1,1,19,1,0,0,1,1,0,26,15,14,Dropout
1,1,1,9,1,1,13,10,0,0,0,1,0,19,5,5,Dropout
5,12,1,10,1,1,13,10,0,0,1,1,0,34,6,6,Non-Dropout
1,14,1,8,1,1,1,2,1,0,1,1,0,33,5,5,Non-Dropout
1,8,6,9,1,1,13,10,1,0,1,1,0,19,5,5,Non-Dropout
1,8,5,7,1,1,13,5,1,1,0,1,0,26,5,5,Dropout
1,12,1,14,1,1,23,8,0,0,1,1,0,29,6,6,Dropout
1,8,5,7,1,1,13,10,1,0,1,1,1,19,5,5,Dropout
1,8,1,2,1,1,1,10,1,0,1,1,0,18,0,0,Dropout
1,12,1,17,0,12,13,10,0,0,0,1,0,29,5,5,Dropout
1,14,1,11,1,1,22,10,0,0,1,1,0,21,6,6,Non-Dropout
1,8,1,11,1,1,1,5,0,0,1,1,0,19,6,6,Non-Dropout
1,1,1,12,1,1,23,6,0,0,1,1,0,20,7,8,Non-Dropout
1,1,1,6,1,1,3,3,0,0,1,1,0,18,5,5,Dropout
1,8,3,5,1,1,23,6,1,0,1,1,0,18,6,6,Non-Dropout
1,1,1,9,1,1,19,13,0,1,1,1,1,21,5,5,Non-Dropout
1,1,1,9,1,1,1,5,1,0,1,1,0,20,5,5,Dropout
1,12,1,7,1,1,22,10,0,0,1,1,1,30,5,5,Dropout
1,9,2,14,1,1,22,5,1,0,1,1,0,19,6,6,Non-Dropout
1,16,1,9,1,1,1,10,1,0,1,1,0,30,5,5,Dropout
1,1,1,9,1,1,23,6,1,0,1,1,1,22,5,5,Non-Dropout
1,8,3,2,1,1,22,6,1,0,1,1,0,22,0,0,Non-Dropout
1,8,4,5,1,1,1,10,1,1,0,1,0,19,6,6,Dropout
1,8,2,14,1,1,1,6,1,0,1,1,0,21,5,5,Dropout
1,8,4,6,1,1,23,23,0,0,1,1,0,21,5,5,Non-Dropout
1,15,1,2,1,14,13,10,1,1,1,1,1,21,0,0,Dropout
1,12,1,9,1,1,1,5,0,0,1,1,0,27,5,5,Dropout
1,14,1,1,1,1,22,2,1,0,1,1,0,32,7,7,Dropout
1,12,1,14,1,9,22,10,0,1,0,1,0,40,6,6,Dropout
1,1,2,9,1,1,22,6,1,0,1,1,0,20,5,5,Non-Dropout
1,15,1,8,1,14,4,3,1,0,1,1,0,20,5,5,Dropout
1,1,3,2,1,1,22,10,1,0,1,1,0,18,0,0,Non-Dropout
1,14,1,9,1,1,1,2,0,0,1,1,0,21,5,5,Dropout
1,8,1,14,1,1,13,6,0,0,1,1,0,18,6,6,Dropout
1,15,1,4,1,1,1,22,0,0,1,1,0,19,6,6,Non-Dropout
5,4,1,5,1,3,22,8,0,0,0,1,0,30,6,6,Dropout
1,12,1,4,1,9,13,10,0,0,1,1,0,29,6,6,Dropout
1,8,2,7,1,1,1,5,1,1,1,1,0,18,5,5,Dropout
1,1,2,14,1,1,1,10,1,0,1,1,1,18,5,5,Dropout
1,15,1,4,1,14,1,4,0,0,1,1,0,22,10,7,Dropout
1,14,2,17,0,1,22,6,1,0,0,1,0,27,5,5,Dropout
1,8,6,14,1,1,23,10,1,0,1,1,0,20,6,6,Non-Dropout
1,16,1,3,0,2,13,10,0,0,1,1,0,42,12,11,Non-Dropout
1,1,1,4,1,1,23,5,0,1,1,1,0,21,12,12,Non-Dropout
1,14,1,12,1,1,1,8,0,0,1,1,0,23,7,8,Non-Dropout
1,16,1,5,1,1,23,10,1,0,1,1,0,21,12,12,Dropout
1,1,3,2,1,1,4,2,1,0,1,1,0,19,0,0,Non-Dropout
2,12,1,10,1,1,22,8,0,0,1,1,1,40,6,6,Dropout
1,14,1,9,1,1,13,10,0,0,1,1,0,22,9,9,Dropout
1,1,2,12,1,1,23,10,1,0,1,1,0,19,7,7,Non-Dropout
1,12,1,7,1,1,13,10,0,0,1,1,1,24,5,5,Non-Dropout
1,1,1,11,1,1,3,3,0,0,1,1,0,21,6,6,Non-Dropout
1,8,4,7,1,1,3,10,1,0,1,1,0,18,5,5,Non-Dropout
1,8,3,7,1,1,22,10,0,0,1,1,0,18,5,5,Dropout
1,16,1,14,1,1,3,4,0,0,1,1,0,24,6,6,Dropout
1,12,1,7,1,1,22,10,0,0,1,1,1,28,5,5,Non-Dropout
1,8,1,14,1,1,13,8,1,0,1,0,1,19,6,6,Non-Dropout
1,16,1,6,1,15,3,5,0,0,1,0,0,28,6,6,Non-Dropout
1,8,3,16,1,1,10,5,1,0,1,0,0,18,6,6,Dropout
1,1,1,2,1,1,3,5,1,0,0,0,0,19,0,0,Non-Dropout
1,1,1,12,1,1,1,5,1,0,1,0,1,19,8,8,Non-Dropout
1,14,1,8,1,1,24,4,1,0,1,0,0,21,5,5,Non-Dropout
1,1,3,12,1,1,1,5,1,1,1,0,0,18,7,8,Dropout
1,1,4,5,1,1,3,2,1,0,1,0,0,19,6,6,Non-Dropout
1,8,2,12,1,1,23,8,1,0,1,0,0,19,8,8,Non-Dropout
1,1,1,5,1,1,3,3,1,0,1,0,0,20,12,12,Non-Dropout
1,1,2,15,1,1,1,10,1,0,1,0,0,18,6,6,Non-Dropout
1,14,4,12,1,6,22,10,1,0,1,0,0,20,7,7,Non-Dropout
1,12,1,6,1,12,13,8,0,0,1,0,0,26,5,5,Dropout
1,9,4,12,1,1,3,4,1,0,1,0,0,18,7,8,Dropout
1,12,1,3,0,1,22,10,0,0,1,0,0,58,6,6,Non-Dropout
1,1,2,12,1,1,1,5,0,0,1,0,0,18,7,8,Non-Dropout
1,15,1,6,1,1,1,5,1,0,1,0,0,20,6,6,Non-Dropout
1,8,1,17,0,1,23,7,0,0,1,0,0,20,5,5,Dropout
1,2,1,9,1,1,22,10,1,0,1,0,0,29,15,14,Non-Dropout
1,4,1,10,1,3,1,5,0,1,0,0,0,27,6,5,Dropout
1,1,1,6,1,1,13,6,1,0,1,0,1,21,6,6,Non-Dropout
1,1,1,10,1,1,1,5,0,0,1,0,1,20,6,6,Non-Dropout
1,8,1,10,1,1,13,4,0,0,1,0,1,19,6,6,Non-Dropout
1,1,1,12,1,1,22,7,1,0,1,0,1,22,7,8,Non-Dropout
1,9,3,5,1,1,23,10,1,0,1,0,1,19,6,6,Non-Dropout
1,8,1,15,1,1,22,10,1,1,0,0,0,19,6,6,Dropout
1,1,3,16,1,1,3,3,1,0,1,0,0,23,6,6,Non-Dropout
1,1,3,15,1,1,1,5,1,0,1,0,1,18,6,6,Dropout
1,15,1,8,1,14,1,5,0,0,1,0,0,19,6,6,Dropout
1,15,1,4,1,14,1,5,1,0,1,0,0,20,6,6,Non-Dropout
1,1,4,10,1,1,1,10,1,0,1,0,1,19,6,6,Non-Dropout
1,12,1,6,1,12,22,10,1,1,0,0,1,26,6,6,Dropout
1,1,1,10,1,1,1,5,1,0,1,0,1,18,6,6,Non-Dropout
1,1,1,6,1,1,22,5,1,1,1,0,0,29,5,5,Dropout
1,15,1,4,1,14,3,3,1,0,0,0,0,20,6,6,Non-Dropout
1,1,1,5,1,1,13,8,1,0,1,0,0,19,6,6,Non-Dropout
1,15,1,6,1,14,1,5,1,0,1,0,0,23,6,6,Non-Dropout
1,14,1,13,1,1,2,4,0,0,1,0,0,25,7,8,Non-Dropout
1,9,1,12,1,1,3,2,1,0,1,0,0,18,8,8,Non-Dropout
1,1,3,5,1,1,1,5,1,0,1,0,1,19,6,6,Non-Dropout
1,8,2,16,1,1,1,6,1,0,1,0,0,18,7,7,Non-Dropout
1,1,2,12,1,1,1,5,1,0,1,0,1,19,7,7,Non-Dropout
1,4,1,3,0,15,22,10,0,0,1,0,0,36,10,9,Dropout
1,15,1,4,1,14,1,5,0,0,1,1,1,20,6,6,Non-Dropout
1,8,2,2,1,1,1,3,1,0,1,1,0,20,0,0,Dropout
1,1,1,10,1,1,23,10,1,0,1,1,0,18,6,6,Dropout
1,15,1,4,1,14,3,5,0,0,1,1,0,19,6,6,Non-Dropout
1,8,1,10,1,1,1,5,1,1,0,1,0,20,9,6,Dropout
1,1,2,12,1,1,13,5,1,0,1,1,0,18,7,8,Non-Dropout
1,15,1,8,1,14,3,4,1,1,1,1,0,20,6,6,Dropout
1,9,1,7,1,1,13,12,1,1,0,1,0,24,5,5,Dropout
1,8,1,15,1,1,13,6,1,0,1,1,0,19,6,6,Dropout
1,8,1,7,1,1,13,8,1,0,1,1,0,18,5,5,Dropout
1,1,3,7,1,1,4,3,1,0,1,1,0,18,5,5,Non-Dropout
1,1,1,11,1,1,1,5,0,0,1,1,0,18,6,6,Non-Dropout
1,14,2,14,1,1,3,2,1,0,1,1,0,22,6,6,Dropout
1,1,1,14,1,1,13,10,0,0,1,1,0,19,6,6,Non-Dropout
2,12,1,6,1,9,1,6,1,1,0,0,0,32,6,6,Dropout
1,8,1,16,1,1,19,1,1,0,1,0,1,21,6,6,Dropout
1,9,1,12,1,1,22,7,1,0,1,0,1,19,8,8,Non-Dropout
4,14,1,3,0,1,23,10,0,0,1,0,1,39,9,7,Non-Dropout
1,14,1,3,0,8,19,1,1,0,1,0,0,30,9,7,Non-Dropout
1,1,1,9,1,1,1,6,1,0,1,0,0,18,5,5,Dropout
2,14,1,17,0,1,22,10,1,0,1,0,0,38,10,10,Dropout
1,1,3,5,1,1,19,6,1,0,1,0,0,20,6,6,Non-Dropout
1,12,1,3,0,12,19,1,0,0,1,0,0,55,6,6,Non-Dropout
4,11,1,5,1,2,19,1,0,0,1,0,0,53,18,18,Dropout
2,12,1,3,0,1,19,1,0,0,1,0,0,54,6,6,Dropout
1,14,1,12,1,1,22,10,1,0,1,0,1,18,7,7,Non-Dropout
1,12,1,3,0,1,22,10,0,1,0,0,0,44,8,7,Dropout
1,14,1,10,1,1,22,10,1,0,1,0,0,28,11,11,Non-Dropout
1,4,1,3,0,17,13,10,0,0,1,0,0,37,14,11,Non-Dropout
1,14,1,10,1,1,11,12,1,0,1,0,0,20,10,7,Non-Dropout
1,1,3,12,1,1,13,4,1,0,1,0,0,18,7,8,Non-Dropout
1,1,1,10,1,1,13,10,1,0,1,1,0,19,6,6,Dropout
1,8,1,4,1,1,23,6,1,0,1,1,1,23,18,13,Non-Dropout
1,8,1,10,1,1,13,7,0,0,1,1,0,22,6,6,Dropout
1,12,1,11,1,1,3,4,0,0,0,1,0,24,6,6,Dropout
1,15,1,4,1,14,4,5,1,0,1,1,0,22,6,6,Non-Dropout
1,12,1,4,1,1,1,6,0,0,1,1,0,26,6,6,Dropout
1,8,6,15,1,1,22,6,1,0,1,1,0,18,6,6,Non-Dropout
1,15,1,8,1,14,23,10,0,0,1,1,0,24,6,6,Dropout
1,1,1,7,1,1,1,5,1,0,1,1,0,18,5,5,Non-Dropout
1,1,1,2,1,1,1,8,1,0,1,1,0,26,0,0,Dropout
1,12,1,11,1,12,22,10,0,0,1,1,0,27,6,6,Dropout
1,15,1,4,1,14,22,10,1,0,1,1,1,20,6,6,Non-Dropout
1,1,1,7,1,1,10,5,1,0,1,1,0,19,5,5,Dropout
1,1,1,6,1,1,23,5,0,0,1,1,1,18,6,6,Dropout
1,1,3,12,1,1,1,5,1,0,1,1,0,18,8,8,Non-Dropout
1,8,1,14,1,1,22,10,1,0,1,1,0,19,6,6,Non-Dropout
1,14,1,5,1,1,22,10,1,0,1,1,0,34,12,12,Non-Dropout
1,1,1,10,1,1,23,9,1,0,1,1,0,19,6,6,Dropout
1,1,1,15,1,1,1,5,0,0,1,1,1,19,6,6,Non-Dropout
2,12,1,4,1,1,2,2,0,0,1,1,0,30,12,12,Dropout
1,14,1,15,1,1,1,10,0,0,0,1,0,22,4,5,Dropout
1,8,1,9,1,1,3,2,0,0,0,1,0,19,5,5,Dropout
1,1,1,9,1,1,23,10,0,0,1,1,0,21,5,5,Dropout
1,1,2,2,1,1,22,10,1,0,0,1,0,22,0,0,Dropout
1,1,1,11,1,1,22,10,0,0,1,1,1,19,6,6,Non-Dropout
1,1,1,10,1,1,13,8,0,0,1,1,0,20,6,6,Non-Dropout
1,12,1,4,1,12,3,3,1,0,1,1,0,35,6,6,Dropout
1,7,2,9,1,1,22,10,1,0,1,1,0,20,5,5,Dropout
1,1,1,8,1,1,6,5,0,0,1,1,0,21,5,5,Non-Dropout
1,12,1,6,1,9,19,13,0,1,0,1,0,27,5,5,Dropout
1,14,1,15,1,1,22,10,1,0,0,1,0,26,6,6,Dropout
1,8,1,15,1,1,1,4,0,0,0,1,0,20,6,5,Dropout
1,12,1,4,1,1,22,7,0,1,0,1,0,28,10,8,Dropout
1,1,3,15,1,1,13,10,1,0,1,1,0,19,6,6,Non-Dropout
1,14,1,17,0,1,22,10,0,0,0,1,0,47,5,5,Dropout
4,12,1,15,1,9,22,5,0,0,0,1,0,55,6,6,Dropout
1,14,1,4,1,1,22,6,1,0,1,1,0,39,6,6,Dropout
2,1,1,4,1,1,22,10,1,1,1,1,0,35,17,12,Dropout
1,12,1,10,1,1,22,1,0,0,0,1,0,32,6,6,Dropout
1,1,4,15,1,1,3,3,1,0,1,1,0,20,6,6,Non-Dropout
1,12,1,11,1,1,22,10,0,0,1,1,0,36,6,6,Non-Dropout
1,12,1,17,0,12,23,10,0,1,1,1,1,34,5,5,Non-Dropout
1,1,1,14,1,1,23,1,1,0,1,1,0,21,5,5,Dropout
1,14,1,17,0,1,22,4,0,0,1,1,1,42,5,5,Dropout
1,12,1,4,1,12,22,10,0,0,1,1,0,25,6,6,Dropout
1,9,1,15,1,1,23,7,1,0,1,1,1,18,6,6,Dropout
1,1,1,15,1,1,13,10,0,0,1,1,1,18,6,6,Non-Dropout
1,1,2,10,1,1,23,10,1,0,1,1,0,19,6,6,Non-Dropout
1,14,1,6,1,1,3,5,0,1,0,1,0,34,6,6,Dropout
1,8,2,15,1,1,1,5,0,0,1,1,0,20,6,6,Dropout
1,1,1,12,1,1,22,8,0,0,1,1,0,20,7,7,Dropout
1,8,1,12,1,1,13,5,0,0,1,1,0,21,8,8,Non-Dropout
1,15,1,4,1,14,1,4,1,0,1,1,0,19,6,6,Non-Dropout
1,12,1,6,1,1,1,5,0,1,0,1,0,31,5,5,Dropout
1,8,1,14,1,1,1,5,0,0,1,1,0,21,6,6,Non-Dropout
1,1,1,9,1,1,23,10,0,0,1,1,1,20,5,5,Non-Dropout
1,14,2,12,1,6,1,5,0,0,1,1,0,22,7,7,Non-Dropout
1,1,2,5,1,1,13,4,1,0,0,1,0,19,6,6,Dropout
1,12,1,8,1,1,1,12,1,1,0,1,0,41,5,5,Dropout
1,14,1,12,1,12,19,1,1,0,1,1,0,27,7,7,Dropout
1,8,1,12,1,1,1,5,0,0,1,0,0,19,7,8,Dropout
1,9,2,12,1,1,1,5,1,0,1,0,1,20,8,8,Non-Dropout
1,14,4,12,1,6,23,6,1,0,1,0,1,19,7,7,Non-Dropout
2,12,1,17,0,1,22,10,0,0,1,0,0,35,5,5,Non-Dropout
1,8,5,15,1,1,13,8,1,0,1,0,0,22,6,6,Non-Dropout
1,1,2,11,1,1,1,6,1,0,1,0,1,20,6,6,Non-Dropout
1,1,1,14,1,1,22,10,1,1,0,0,0,18,6,6,Dropout
1,1,1,10,1,1,22,10,1,0,1,0,1,18,6,6,Non-Dropout
1,4,1,12,1,3,1,10,0,0,1,0,0,30,8,8,Non-Dropout
1,9,1,10,1,1,23,10,0,1,1,0,1,18,6,6,Non-Dropout
1,1,1,11,1,1,13,8,1,0,1,0,1,20,6,6,Non-Dropout
1,1,1,10,1,1,13,10,0,0,1,0,1,19,6,6,Non-Dropout
1,8,1,6,1,1,23,6,0,0,1,0,0,19,5,5,Non-Dropout
1,1,2,13,1,1,1,4,1,0,1,0,1,21,7,8,Non-Dropout
1,9,1,16,1,1,1,20,1,1,1,0,0,21,7,7,Non-Dropout
1,1,4,14,1,1,1,10,1,0,1,0,0,18,6,6,Non-Dropout
1,1,3,9,1,1,1,6,1,0,1,0,1,18,5,5,Non-Dropout
4,12,1,6,1,1,22,12,0,0,0,0,0,35,5,5,Dropout
1,1,6,12,1,1,1,10,1,0,1,0,0,21,7,7,Non-Dropout
1,1,1,12,1,1,23,10,1,0,1,1,1,18,7,7,Non-Dropout
1,8,5,5,1,1,13,6,1,0,1,1,0,22,6,6,Non-Dropout
1,8,1,12,1,1,23,10,1,0,1,1,1,20,7,8,Non-Dropout
2,12,1,11,1,1,22,5,1,0,1,0,0,34,6,6,Non-Dropout
2,4,1,9,1,3,22,10,0,0,1,0,0,33,8,7,Non-Dropout
1,1,3,12,1,1,22,10,1,0,1,0,1,22,7,7,Non-Dropout
1,8,3,11,1,1,22,10,1,0,1,0,1,20,6,6,Non-Dropout
2,12,1,9,1,1,22,7,0,0,1,0,0,35,5,5,Non-Dropout
2,12,1,9,1,1,23,5,1,0,0,0,0,39,5,5,Dropout
1,9,6,12,1,1,23,10,1,0,0,0,0,19,7,8,Dropout
4,12,1,11,1,1,22,10,0,0,1,0,1,36,6,6,Non-Dropout
1,1,2,12,1,1,22,10,1,0,1,0,1,21,8,8,Non-Dropout
1,1,1,10,1,1,3,2,1,0,1,0,0,22,6,6,Non-Dropout
2,12,1,10,1,1,23,10,0,1,1,0,1,42,6,6,Non-Dropout
1,12,1,7,1,1,22,12,1,0,1,0,0,34,5,5,Dropout
1,8,1,15,1,1,13,5,1,0,1,0,0,20,6,6,Non-Dropout
2,15,1,3,0,14,22,10,0,0,1,0,0,33,6,6,Non-Dropout
1,1,4,11,1,1,1,10,1,0,1,0,0,20,6,6,Non-Dropout
1,1,2,14,1,1,15,1,1,1,1,0,0,19,5,5,Non-Dropout
2,14,1,17,0,3,22,10,0,1,1,0,0,34,10,9,Dropout
1,1,1,9,1,1,22,10,1,0,1,0,0,18,5,5,Non-Dropout
1,8,1,3,0,1,23,7,0,0,1,0,1,24,6,6,Non-Dropout
1,1,1,16,1,1,13,10,1,0,1,0,0,18,6,6,Non-Dropout
1,1,1,14,1,1,22,11,1,0,1,0,0,20,5,5,Non-Dropout
1,8,1,12,1,1,1,5,1,0,1,0,0,21,8,8,Non-Dropout
1,1,5,10,1,1,23,10,1,0,1,0,1,19,6,6,Non-Dropout
1,8,4,12,1,1,23,6,0,0,1,0,1,19,7,8,Non-Dropout
1,1,1,10,1,1,13,6,1,0,1,0,1,18,6,6,Non-Dropout
4,12,1,3,0,1,22,6,0,0,1,0,1,38,9,7,Non-Dropout
1,1,1,2,1,1,13,6,1,1,1,1,0,21,12,11,Non-Dropout
1,14,1,9,1,1,1,10,1,0,1,1,0,23,5,5,Non-Dropout
1,8,5,12,1,1,13,5,1,0,1,0,0,19,8,8,Non-Dropout
1,1,2,15,1,1,23,6,1,1,0,0,0,18,6,6,Dropout
1,1,6,2,1,1,13,6,1,0,1,0,1,18,0,0,Non-Dropout
1,12,1,4,1,1,13,10,1,0,1,0,0,24,6,6,Non-Dropout
1,1,1,15,1,1,1,6,0,0,1,0,1,18,6,6,Non-Dropout
1,1,1,8,1,1,3,5,1,0,1,0,0,18,6,6,Non-Dropout
1,4,1,17,0,15,13,8,0,0,1,0,0,26,10,10,Non-Dropout
1,1,1,9,1,1,13,10,0,1,1,0,0,19,5,5,Non-Dropout
1,9,3,14,1,1,23,10,1,0,1,0,1,19,6,6,Dropout
1,1,1,11,1,1,23,6,0,0,1,0,0,19,6,6,Non-Dropout
1,1,1,8,1,1,22,10,1,1,1,0,0,20,5,5,Dropout
1,1,3,11,1,1,13,10,1,0,1,0,0,22,6,6,Non-Dropout
1,1,2,12,1,1,13,6,1,0,1,0,0,19,7,8,Non-Dropout
1,1,5,12,1,1,3,6,1,0,1,0,0,20,7,8,Non-Dropout
2,12,1,9,1,1,22,6,0,0,1,0,0,36,5,5,Non-Dropout
1,12,1,16,1,12,13,10,1,0,1,0,0,29,7,6,Dropout
1,8,3,10,1,1,3,3,1,0,1,0,0,19,6,6,Non-Dropout
5,12,1,9,1,1,1,5,0,1,0,0,0,24,5,5,Dropout
5,12,1,4,1,1,1,5,0,1,0,0,0,27,6,6,Dropout
1,8,1,15,1,1,22,10,1,0,1,0,1,18,6,6,Non-Dropout
1,8,2,2,1,1,3,3,1,0,1,0,1,18,0,0,Non-Dropout
1,8,4,13,1,1,23,4,1,0,1,0,0,21,7,7,Dropout
2,12,1,14,1,1,22,10,0,0,1,0,1,43,6,6,Non-Dropout
1,14,1,9,1,1,1,10,0,0,1,0,1,18,5,5,Non-Dropout
1,9,1,6,1,1,22,10,1,0,1,0,1,21,6,6,Dropout
1,4,1,9,1,3,6,2,0,0,1,0,0,26,5,5,Dropout
1,1,6,12,1,1,1,10,1,0,1,0,1,19,8,8,Non-Dropout
1,1,1,6,1,1,22,12,0,0,1,0,0,18,5,5,Non-Dropout
1,1,1,15,1,1,3,3,1,0,1,0,0,22,6,6,Dropout
1,12,1,12,1,12,1,5,1,0,1,0,0,27,7,8,Dropout
1,1,3,9,1,1,23,10,1,0,1,0,0,18,5,5,Non-Dropout
1,8,1,6,1,1,22,8,0,0,1,0,0,19,5,5,Non-Dropout
1,8,4,12,1,1,13,4,1,0,1,0,0,18,7,8,Non-Dropout
1,1,1,6,1,1,23,5,0,0,1,0,1,19,6,6,Non-Dropout
1,12,1,6,1,1,22,10,0,0,0,0,0,32,6,6,Dropout
1,13,1,12,1,1,22,10,1,0,1,0,0,23,26,17,Non-Dropout
1,8,3,12,1,1,22,5,1,0,1,0,0,20,7,7,Non-Dropout
1,1,1,2,1,1,13,6,1,1,1,0,0,20,12,11,Non-Dropout
1,8,1,10,1,1,13,5,1,1,0,0,0,19,6,6,Dropout
1,1,3,12,1,1,13,6,1,0,1,0,1,18,8,8,Non-Dropout
1,15,1,4,1,14,13,10,0,0,1,0,0,21,6,6,Dropout
1,1,1,12,1,1,1,10,0,0,1,0,1,20,7,7,Non-Dropout
1,15,1,6,1,14,3,3,1,0,1,0,0,22,6,6,Non-Dropout
1,15,1,17,0,14,22,10,0,0,1,0,0,26,5,5,Non-Dropout
1,1,1,5,1,1,22,4,1,0,1,0,0,20,6,6,Non-Dropout
1,1,1,12,1,1,13,6,1,0,1,0,0,19,7,8,Non-Dropout
1,12,1,17,0,1,22,10,0,0,1,0,0,31,5,5,Non-Dropout
1,14,3,12,1,1,1,10,1,1,1,0,1,20,7,8,Non-Dropout
1,14,1,6,1,1,13,8,1,0,1,0,0,20,5,5,Non-Dropout
1,8,4,12,1,1,22,6,1,0,1,0,0,21,7,8,Non-Dropout
1,1,4,12,1,1,13,10,1,0,1,0,0,18,7,8,Non-Dropout
1,8,2,12,1,1,22,10,1,0,1,0,1,19,7,7,Non-Dropout
1,1,1,16,1,1,13,4,1,0,1,0,1,18,7,7,Non-Dropout
4,12,1,15,1,13,13,8,0,0,1,0,0,40,6,6,Non-Dropout
1,8,6,10,1,1,1,5,0,0,1,0,1,18,6,6,Non-Dropout
1,1,2,6,1,1,25,3,1,0,1,0,0,18,6,6,Non-Dropout
1,8,1,12,1,1,1,5,1,0,1,0,0,19,7,8,Non-Dropout
1,8,1,10,1,1,23,10,0,0,1,0,1,19,6,6,Non-Dropout
1,12,1,4,1,1,23,10,0,1,0,0,0,28,6,6,Dropout
1,8,1,5,1,1,22,10,1,0,1,0,0,20,6,6,Non-Dropout
1,1,2,15,1,1,22,10,1,0,1,0,0,18,6,6,Non-Dropout
1,1,2,12,1,1,1,5,1,0,1,0,0,18,7,7,Non-Dropout
1,1,1,6,1,1,13,10,1,0,1,0,1,20,5,5,Non-Dropout
1,14,1,10,1,1,23,10,0,1,1,0,0,28,16,13,Non-Dropout
1,6,1,16,1,1,28,25,0,0,1,0,0,23,16,10,Non-Dropout
1,1,1,16,1,1,13,6,1,0,1,0,0,19,7,7,Dropout
1,8,1,10,1,1,23,24,1,0,1,0,1,18,6,6,Non-Dropout
1,1,3,15,1,1,22,10,0,1,0,0,1,20,6,6,Non-Dropout
1,1,1,2,1,1,3,3,1,0,1,0,0,20,12,11,Non-Dropout
2,12,1,17,0,1,22,10,0,0,1,0,0,27,5,5,Dropout
1,1,1,16,1,1,1,10,1,0,1,0,0,18,6,6,Dropout
4,12,2,13,1,12,13,5,0,0,1,0,1,37,7,8,Non-Dropout
4,4,1,12,1,15,13,5,0,0,0,0,0,42,7,7,Dropout
1,8,6,12,1,1,1,5,1,0,1,0,0,20,7,8,Dropout
2,12,1,7,1,1,19,10,0,0,0,1,0,34,5,5,Dropout
1,13,1,7,1,1,3,4,1,0,1,1,0,22,5,5,Dropout
2,12,2,11,1,12,13,10,0,0,1,1,0,39,6,6,Non-Dropout
1,1,1,12,1,1,22,10,1,0,1,1,1,18,7,7,Non-Dropout
1,1,2,5,1,1,22,10,1,0,1,1,1,21,6,6,Non-Dropout
2,12,1,6,1,1,22,12,0,0,1,1,0,34,6,6,Dropout
1,15,1,4,1,14,22,10,0,0,1,1,1,22,6,6,Non-Dropout
1,12,1,4,1,1,1,5,0,0,1,1,0,31,6,6,Dropout
1,9,3,16,1,1,23,6,1,0,0,1,0,19,6,6,Dropout
1,8,5,11,1,1,23,6,0,0,1,1,0,19,5,5,Dropout
1,12,1,13,1,12,22,10,0,0,1,1,0,31,7,7,Dropout
1,3,1,9,1,1,13,6,1,0,1,0,0,19,5,5,Non-Dropout
2,12,2,14,1,1,22,10,0,0,1,0,0,30,6,6,Dropout
1,16,1,12,1,1,22,4,1,0,1,0,1,20,7,8,Non-Dropout
1,8,1,12,1,1,13,8,1,0,1,0,1,18,7,8,Non-Dropout
4,12,1,17,0,1,22,6,0,0,1,0,0,31,5,5,Dropout
1,8,1,11,1,1,13,10,1,0,1,0,0,19,6,6,Dropout
4,12,1,3,0,1,22,10,0,0,1,0,1,43,6,5,Dropout
1,8,2,11,1,1,23,10,1,0,1,0,1,20,6,6,Non-Dropout
1,1,2,12,1,1,1,6,1,0,1,0,1,19,8,8,Non-Dropout
1,1,1,14,1,1,3,2,0,0,1,0,0,22,5,5,Dropout
1,1,1,3,0,1,3,2,0,0,1,0,0,26,8,7,Non-Dropout
1,9,1,9,1,1,13,6,1,0,1,0,1,19,5,5,Non-Dropout
1,4,1,12,1,3,13,5,1,0,1,0,0,29,8,8,Dropout
1,6,1,13,1,1,3,14,0,0,1,0,0,20,7,7,Non-Dropout
4,1,1,17,0,1,22,10,0,0,1,0,1,38,5,5,Non-Dropout
1,12,1,4,1,1,22,10,0,0,1,0,0,41,12,12,Non-Dropout
1,1,6,12,1,1,13,5,1,0,1,0,0,19,8,8,Dropout
1,1,1,5,1,1,1,5,0,1,1,0,0,19,6,6,Non-Dropout
4,4,1,12,1,3,3,3,0,0,1,0,0,43,7,7,Dropout
1,8,1,8,1,1,23,10,1,0,1,0,0,19,5,5,Non-Dropout
1,1,1,2,1,1,13,10,1,0,1,1,1,19,12,11,Non-Dropout
1,1,6,12,1,1,2,4,1,0,1,1,0,18,8,8,Non-Dropout
1,1,1,2,1,1,3,3,1,0,1,1,0,19,0,0,Dropout
2,12,1,3,0,12,19,1,0,0,1,1,0,38,6,6,Dropout
2,4,1,8,1,2,13,5,1,0,1,1,0,37,6,6,Dropout
1,12,1,14,1,1,1,5,1,0,1,0,1,26,6,6,Non-Dropout
1,8,1,10,1,1,22,10,1,0,1,0,1,21,6,6,Non-Dropout
1,1,3,6,1,1,1,10,1,0,1,0,1,18,6,6,Non-Dropout
1,1,1,16,1,1,3,3,0,0,1,0,0,18,7,7,Non-Dropout
1,1,1,6,1,1,3,3,0,0,1,0,0,18,5,5,Non-Dropout
1,8,1,10,1,1,23,10,0,0,1,0,0,19,6,6,Non-Dropout
1,1,1,15,1,1,13,10,1,0,1,0,0,18,6,6,Non-Dropout
1,8,2,12,1,1,2,4,1,0,1,0,0,18,8,8,Non-Dropout
1,8,1,10,1,1,23,29,0,1,1,0,1,19,6,6,Non-Dropout
1,1,1,12,1,1,13,8,0,0,1,0,0,19,7,8,Dropout
1,1,1,11,1,1,13,10,1,0,1,0,1,18,6,6,Non-Dropout
2,1,1,12,1,1,1,10,0,0,1,0,0,18,8,8,Non-Dropout
1,1,1,12,1,1,23,10,1,0,1,0,1,20,8,8,Non-Dropout
1,17,1,13,1,16,1,5,0,0,1,0,1,22,7,8,Non-Dropout
1,1,1,8,1,1,19,1,0,0,1,0,0,18,6,6,Dropout
1,8,4,11,1,1,23,8,1,0,1,0,1,19,6,6,Non-Dropout
1,1,1,11,1,1,22,10,1,0,0,0,1,20,6,6,Dropout
1,14,1,5,1,1,2,4,0,0,1,0,0,19,6,6,Non-Dropout
1,1,2,15,1,1,22,6,1,0,1,0,1,20,6,6,Non-Dropout
1,12,1,6,1,1,3,3,0,0,1,0,0,28,6,6,Dropout
1,1,2,6,1,1,1,31,0,0,1,0,0,19,6,6,Non-Dropout
1,13,1,4,1,14,13,6,0,0,1,0,0,22,6,6,Non-Dropout
1,1,1,6,1,1,1,10,1,0,1,0,0,19,6,6,Non-Dropout
1,1,3,15,1,1,13,6,1,0,0,0,0,18,6,6,Dropout
1,3,1,8,1,1,5,3,1,0,1,0,0,18,6,6,Non-Dropout
1,14,1,8,1,1,2,3,1,0,1,0,0,22,5,5,Non-Dropout
1,17,1,6,1,16,1,5,0,0,1,0,0,20,11,9,Non-Dropout
1,12,1,17,0,1,1,10,0,0,1,0,1,24,5,5,Non-Dropout
1,8,1,2,1,1,1,10,1,1,1,0,0,22,17,17,Non-Dropout
1,14,1,3,0,1,23,6,0,0,1,0,0,20,6,6,Non-Dropout
1,1,1,13,1,1,13,10,1,0,1,0,1,20,7,8,Non-Dropout
2,4,1,3,0,3,23,10,0,0,0,0,0,35,6,6,Dropout
1,1,1,14,1,1,1,6,0,0,1,0,1,18,5,5,Non-Dropout
1,8,2,10,1,1,2,4,1,0,1,0,0,19,6,6,Non-Dropout
1,9,1,12,1,1,3,4,0,0,1,0,0,18,7,8,Non-Dropout
1,1,2,11,1,1,1,5,1,0,1,0,0,18,6,6,Dropout
2,12,1,10,1,12,1,5,0,0,1,0,0,31,6,6,Non-Dropout
1,8,1,10,1,1,13,6,0,0,1,0,1,19,6,6,Non-Dropout
1,9,1,12,1,1,23,5,1,0,1,0,1,20,7,8,Non-Dropout
1,8,3,6,1,1,13,6,0,0,1,0,0,21,6,6,Dropout
1,1,3,12,1,1,13,10,1,0,1,0,1,18,8,8,Non-Dropout
1,1,5,5,1,1,19,6,1,0,1,0,0,18,6,6,Dropout
2,12,1,17,0,1,23,5,0,0,1,0,0,33,5,5,Non-Dropout
1,1,2,14,1,1,22,10,1,0,1,0,1,18,6,6,Non-Dropout
1,1,1,2,1,1,22,8,1,0,0,0,1,18,0,0,Dropout
1,1,1,6,1,1,22,10,0,1,1,0,0,21,5,5,Non-Dropout
1,8,3,11,1,1,22,6,1,0,1,0,0,19,6,6,Non-Dropout
1,4,1,17,0,3,3,3,0,0,1,0,0,28,5,5,Non-Dropout
2,12,1,9,1,1,1,10,0,0,0,0,0,29,4,5,Dropout
1,15,1,8,1,14,1,4,1,1,0,0,0,36,6,6,Dropout
1,12,1,3,0,12,22,10,0,0,1,0,1,32,6,6,Non-Dropout
1,12,1,12,1,1,23,6,1,0,1,0,1,25,8,8,Non-Dropout
2,14,1,17,0,1,22,4,0,0,1,0,0,33,10,10,Non-Dropout
2,14,1,3,0,10,19,1,0,0,0,0,0,34,7,7,Dropout
2,12,1,3,0,1,19,1,0,0,1,0,0,33,6,6,Non-Dropout
1,14,1,17,0,1,22,10,0,1,0,0,0,29,5,5,Dropout
1,1,1,12,1,1,1,5,0,0,1,0,0,18,7,8,Dropout
1,1,1,15,1,1,22,8,0,0,1,0,1,18,6,6,Non-Dropout
2,4,1,10,1,3,22,5,0,0,1,0,0,38,6,6,Non-Dropout
1,1,4,12,1,1,23,10,1,0,1,0,1,19,7,7,Non-Dropout
4,12,1,3,0,12,22,10,0,0,1,0,1,39,6,6,Non-Dropout
1,14,1,17,0,3,22,10,0,0,1,0,0,37,14,12,Non-Dropout
1,8,2,13,1,1,22,6,1,0,1,0,0,32,7,8,Dropout
1,9,1,10,1,1,23,5,0,0,1,0,0,18,1,6,Dropout
1,14,1,13,1,1,1,5,1,0,1,0,0,20,7,8,Non-Dropout
1,1,5,5,1,1,22,10,1,0,1,0,0,20,6,6,Non-Dropout
1,8,1,6,1,1,22,10,1,0,1,0,1,23,6,6,Non-Dropout
1,1,2,9,1,1,1,5,1,0,1,0,0,19,5,5,Non-Dropout
1,1,1,10,1,1,22,10,0,0,1,0,0,18,6,6,Non-Dropout
1,1,1,9,1,1,23,10,1,0,1,1,0,19,5,5,Non-Dropout
1,8,4,15,1,1,1,6,1,0,1,0,0,20,6,6,Non-Dropout
1,1,6,12,1,1,22,10,1,0,1,0,0,19,8,8,Dropout
1,8,3,12,1,1,22,5,1,0,1,0,0,19,8,8,Non-Dropout
1,1,2,10,1,1,1,5,0,0,1,0,0,18,6,6,Non-Dropout
1,1,1,12,1,1,23,10,1,0,1,0,1,20,8,8,Non-Dropout
1,1,3,12,1,1,13,10,1,0,1,0,0,20,7,8,Non-Dropout
4,12,1,12,1,1,23,8,1,0,1,0,0,24,8,8,Non-Dropout
4,12,2,13,1,1,23,8,1,0,1,0,0,24,7,7,Dropout
1,8,2,15,1,1,2,3,1,0,1,0,0,20,6,6,Non-Dropout
1,1,3,5,1,1,13,4,1,0,1,0,0,20,6,6,Non-Dropout
1,1,1,6,1,1,23,4,1,0,0,0,0,18,6,6,Non-Dropout
1,1,1,12,1,1,1,10,0,0,1,0,0,18,8,8,Non-Dropout
1,1,1,6,1,1,2,5,1,0,1,0,0,21,5,5,Non-Dropout
1,8,1,16,1,1,1,5,1,0,1,0,0,18,6,6,Non-Dropout
1,8,5,12,1,1,13,6,1,0,1,0,1,19,8,8,Non-Dropout
1,4,1,6,1,15,1,5,1,0,1,0,0,22,6,6,Non-Dropout
1,8,3,10,1,1,13,8,1,0,1,0,0,19,6,6,Non-Dropout
1,1,3,12,1,1,22,10,1,0,1,0,0,18,7,7,Non-Dropout
1,1,1,6,1,1,22,10,1,0,1,0,1,19,5,5,Non-Dropout
1,14,1,12,1,1,23,6,1,0,1,0,1,24,8,8,Non-Dropout
1,1,3,6,1,1,23,10,0,0,1,0,0,19,5,5,Non-Dropout
1,1,1,3,0,1,23,6,0,0,1,0,0,34,6,6,Non-Dropout
1,8,5,6,1,1,23,10,1,0,1,0,0,19,12,10,Non-Dropout
1,1,1,12,1,1,22,8,1,0,1,0,1,18,7,7,Non-Dropout
1,1,5,12,1,1,22,10,1,0,1,0,1,19,7,8,Non-Dropout
1,12,1,12,1,1,13,2,0,0,1,0,0,25,8,8,Non-Dropout
1,15,1,6,1,14,3,3,1,0,1,0,0,21,12,12,Non-Dropout
1,1,1,11,1,1,22,8,0,0,1,0,0,18,6,6,Non-Dropout
1,1,1,10,1,1,19,5,0,0,1,0,1,18,6,6,Non-Dropout
1,1,1,3,0,1,23,10,1,0,1,0,0,28,6,6,Non-Dropout
5,14,1,12,1,1,1,6,0,0,1,0,1,18,8,8,Non-Dropout
2,12,1,11,1,1,22,10,0,0,1,0,0,41,6,6,Non-Dropout
1,8,2,16,1,1,22,6,0,0,1,0,0,18,6,6,Dropout
1,8,1,10,1,1,23,8,0,0,1,0,1,21,6,6,Non-Dropout
4,4,1,10,1,15,19,13,0,1,1,0,0,41,6,6,Dropout
1,4,1,5,1,3,3,3,1,0,1,0,0,32,3,3,Dropout
1,14,1,3,0,9,19,1,0,0,1,0,0,29,6,6,Non-Dropout
1,12,1,13,1,1,13,10,0,0,1,0,0,24,7,8,Non-Dropout
1,14,1,13,1,1,23,8,1,0,1,0,0,22,7,8,Non-Dropout
1,1,1,10,1,1,13,2,0,0,1,0,0,21,6,6,Dropout
2,12,1,12,1,12,22,10,1,0,1,0,0,39,7,7,Dropout
4,12,1,6,1,1,22,10,0,0,0,0,1,44,6,6,Non-Dropout
1,1,1,9,1,1,22,10,1,0,1,0,0,20,5,5,Non-Dropout
1,14,3,12,1,1,23,10,0,0,1,0,0,21,14,14,Non-Dropout
1,1,1,15,1,1,19,1,1,0,1,0,0,18,6,6,Non-Dropout
1,12,1,4,1,1,22,6,0,1,1,0,0,34,6,6,Non-Dropout
1,1,3,6,1,1,8,12,1,0,1,0,0,18,5,5,Non-Dropout
1,1,1,2,1,1,13,10,1,1,1,0,0,19,0,0,Non-Dropout
1,1,1,16,1,1,22,7,1,0,1,0,0,18,6,6,Dropout
1,1,5,6,1,1,3,3,1,0,1,0,0,19,6,6,Non-Dropout
1,1,3,12,1,1,22,10,1,0,1,0,1,18,8,8,Non-Dropout
1,1,5,8,1,1,3,3,1,0,1,0,0,19,5,5,Dropout
1,1,2,12,1,1,3,5,1,0,1,0,1,19,7,8,Non-Dropout
1,1,1,14,1,1,13,6,1,0,1,0,1,18,6,6,Non-Dropout
1,15,1,17,0,14,22,8,1,0,1,0,1,23,6,6,Non-Dropout
1,8,2,11,1,1,13,10,1,0,0,0,0,18,6,6,Non-Dropout
4,14,1,16,1,1,13,12,0,0,1,0,0,33,6,6,Dropout
1,8,2,10,1,1,13,10,1,0,1,0,0,19,6,6,Non-Dropout
1,14,3,2,1,1,22,8,1,0,1,0,0,21,0,0,Dropout
1,1,6,12,1,1,13,10,0,0,1,0,0,18,7,8,Non-Dropout
1,9,1,17,0,1,23,6,0,0,1,0,1,21,5,5,Non-Dropout
1,8,2,5,1,1,13,5,1,0,1,0,0,19,6,6,Non-Dropout
1,1,2,15,1,1,19,1,1,0,1,0,0,20,6,6,Non-Dropout
1,1,1,15,1,1,22,1,1,0,1,0,0,20,4,4,Dropout
1,9,5,16,1,1,13,8,1,0,1,0,0,20,6,6,Non-Dropout
1,1,1,10,1,1,23,5,1,0,1,0,1,18,6,6,Non-Dropout
1,14,2,9,1,1,13,6,1,0,1,0,0,18,5,5,Non-Dropout
1,1,2,12,1,1,22,8,1,0,1,0,1,20,7,8,Non-Dropout
1,1,1,10,1,1,22,6,0,0,1,0,1,21,6,6,Non-Dropout
1,14,1,12,1,1,23,10,1,0,1,0,0,19,8,8,Non-Dropout
1,1,3,11,1,1,13,8,1,0,1,0,1,18,6,6,Non-Dropout
1,12,1,6,1,1,22,10,1,1,1,0,0,27,6,6,Non-Dropout
1,1,2,12,1,1,13,8,1,0,1,0,1,21,7,8,Non-Dropout
1,8,4,12,1,1,3,5,1,0,1,0,1,18,7,8,Non-Dropout
1,8,1,16,1,1,23,6,1,1,1,0,0,18,6,6,Non-Dropout
1,14,1,16,1,1,22,10,0,1,0,0,0,28,6,5,Dropout
1,12,1,13,1,1,29,3,0,0,1,0,0,36,7,7,Dropout
1,1,1,6,1,1,23,10,1,0,1,0,0,20,5,5,Non-Dropout
1,1,1,10,1,1,23,1,1,0,1,0,0,19,6,6,Non-Dropout
1,1,1,17,0,1,13,10,1,0,1,0,0,20,5,5,Non-Dropout
1,8,2,6,1,1,22,10,1,0,1,0,0,19,5,5,Non-Dropout
2,12,1,3,0,1,22,4,0,0,1,0,0,28,6,6,Non-Dropout
1,1,1,14,1,1,22,8,0,0,1,0,0,20,5,5,Non-Dropout
1,13,1,11,1,1,23,2,1,0,1,0,0,28,14,12,Non-Dropout
1,14,1,17,0,14,22,10,0,0,1,0,0,24,10,10,Dropout
1,15,1,6,1,14,1,4,1,0,1,0,0,20,6,6,Non-Dropout
1,8,2,16,1,1,22,6,1,0,1,0,0,22,6,6,Non-Dropout
1,8,2,11,1,1,1,5,0,0,1,0,1,18,6,6,Non-Dropout
1,1,5,9,1,1,23,10,1,1,0,0,0,22,5,5,Dropout
1,1,5,11,1,1,22,10,1,0,1,0,1,18,6,6,Non-Dropout
1,1,1,12,1,1,13,6,0,0,1,0,1,21,8,8,Non-Dropout
1,8,6,15,1,1,1,5,1,0,1,0,0,19,6,6,Non-Dropout
1,3,1,16,1,1,1,6,1,0,1,0,0,22,6,6,Non-Dropout
1,1,1,12,1,1,23,6,1,0,1,0,1,20,8,8,Non-Dropout
1,1,1,9,1,1,22,29,0,0,1,0,0,20,5,5,Non-Dropout
1,8,1,3,0,1,22,6,1,1,1,0,0,19,6,6,Non-Dropout
1,8,1,2,1,1,1,8,1,0,1,0,0,20,0,0,Non-Dropout
1,1,2,5,1,1,13,10,1,0,1,0,1,20,6,6,Non-Dropout
1,1,1,10,1,1,19,1,1,0,1,0,0,20,6,6,Dropout
1,1,3,12,1,1,1,5,1,0,1,0,0,19,7,7,Non-Dropout
1,1,1,11,1,1,13,10,1,0,1,0,1,18,6,6,Non-Dropout
1,1,1,12,1,1,23,8,0,0,1,0,1,18,7,8,Non-Dropout
1,1,1,2,1,1,1,5,1,0,0,0,0,19,0,0,Dropout
1,1,1,9,1,1,22,10,0,0,1,1,0,20,5,5,Non-Dropout
1,1,1,11,1,1,13,4,0,0,1,0,1,22,6,6,Non-Dropout
1,1,1,10,1,1,13,6,1,0,1,0,1,18,6,6,Non-Dropout
1,8,2,15,1,1,1,5,1,0,1,0,0,19,6,6,Non-Dropout
1,1,1,10,1,1,13,10,0,0,0,0,1,20,6,6,Non-Dropout
1,1,2,12,1,1,23,6,1,0,1,0,1,19,7,8,Non-Dropout
1,1,1,2,1,1,13,6,1,1,0,0,0,18,0,0,Dropout
1,1,6,15,1,1,1,4,1,1,0,0,0,20,4,5,Dropout
1,1,2,15,1,1,1,10,1,0,1,0,1,19,6,6,Non-Dropout
1,8,3,15,1,1,1,6,0,0,1,0,0,18,6,6,Non-Dropout
1,7,4,10,1,1,22,10,1,0,1,0,0,18,6,6,Non-Dropout
1,1,1,14,1,1,19,1,0,0,1,0,0,22,5,5,Dropout
1,1,1,10,1,1,22,10,0,0,1,0,0,18,6,6,Non-Dropout
1,1,1,10,1,1,13,10,1,0,1,0,0,20,6,6,Non-Dropout
1,8,2,11,1,1,13,6,1,0,1,0,0,19,6,6,Non-Dropout
1,14,1,12,1,1,23,6,0,0,1,0,1,19,7,8,Non-Dropout
1,15,1,10,1,14,23,6,0,0,1,0,0,21,6,6,Non-Dropout
1,8,2,3,0,1,13,6,1,0,1,0,1,19,6,6,Dropout
1,1,6,10,1,1,23,8,1,0,1,0,1,19,6,6,Non-Dropout
2,12,1,3,0,1,22,6,0,0,1,0,0,45,6,6,Non-Dropout
2,12,1,6,1,1,21,13,0,0,0,0,1,28,5,5,Dropout
2,14,1,12,1,1,3,3,0,0,1,0,0,28,7,8,Non-Dropout
1,12,1,17,0,1,23,10,0,1,1,0,0,25,5,5,Non-Dropout
1,14,1,14,1,1,1,5,0,1,0,0,0,19,6,6,Dropout
1,1,5,12,1,1,23,10,1,0,1,0,0,19,8,8,Non-Dropout
1,1,2,9,1,1,23,10,1,0,1,1,0,20,5,5,Non-Dropout
1,1,3,10,1,1,1,10,1,0,1,1,0,22,6,6,Non-Dropout
1,14,1,15,1,1,23,10,1,0,1,1,1,20,6,6,Non-Dropout
1,1,4,12,1,1,13,8,1,0,1,1,0,20,7,7,Non-Dropout
1,1,1,6,1,1,23,5,0,1,0,1,0,20,5,5,Dropout
1,12,1,6,1,15,3,4,1,0,1,0,0,27,6,6,Non-Dropout
1,16,1,6,1,1,1,10,0,0,1,0,0,22,6,6,Non-Dropout
1,1,3,12,1,1,22,10,1,1,0,0,0,19,8,8,Dropout
1,8,1,10,1,1,13,4,1,0,0,0,0,19,6,6,Dropout
1,1,1,5,1,1,4,3,1,0,1,0,0,18,6,6,Non-Dropout
1,1,1,2,1,1,3,3,1,0,1,0,0,19,12,11,Dropout
1,9,4,16,1,1,13,10,1,1,0,0,0,20,7,6,Dropout
2,14,1,17,0,1,23,4,0,0,0,0,0,39,15,13,Dropout
2,12,2,3,0,12,22,5,0,1,1,0,0,37,6,6,Non-Dropout
2,12,1,12,1,3,1,5,0,1,0,0,0,30,7,7,Dropout
2,14,1,17,0,3,22,10,0,0,1,0,0,41,10,10,Non-Dropout
4,12,1,12,1,12,22,6,0,0,0,0,0,40,8,8,Dropout
1,1,1,9,1,1,7,5,0,0,1,0,0,20,5,5,Dropout
2,1,1,17,0,1,13,10,0,0,1,0,0,28,5,5,Non-Dropout
1,9,2,16,1,1,13,10,1,1,0,0,0,19,7,7,Dropout
1,1,1,14,1,1,22,6,1,0,1,0,0,23,5,5,Dropout
1,4,1,3,0,4,2,3,0,0,1,0,0,18,16,11,Dropout
1,12,1,12,1,1,1,5,0,0,1,0,0,24,8,8,Non-Dropout
1,8,5,14,1,1,1,6,0,0,1,0,0,21,5,5,Non-Dropout
1,1,2,12,1,1,13,8,1,0,1,0,0,19,8,8,Non-Dropout
1,1,1,15,1,1,22,10,1,0,1,0,0,19,6,6,Dropout
1,12,1,4,1,1,22,10,0,1,0,0,0,48,6,6,Dropout
2,14,1,17,0,2,22,10,0,0,0,0,0,38,12,12,Dropout
1,8,1,9,1,1,1,4,0,0,1,0,0,19,5,5,Non-Dropout
2,12,1,17,0,9,22,10,0,0,1,1,0,30,5,5,Dropout
1,15,1,4,1,14,22,10,0,0,1,1,1,24,6,6,Non-Dropout
1,8,5,15,1,1,1,10,1,0,1,1,0,19,6,6,Non-Dropout
1,15,1,2,1,14,1,10,0,0,1,1,0,21,0,0,Non-Dropout
1,1,1,11,1,1,1,6,1,0,1,1,1,21,6,6,Non-Dropout
1,1,2,17,0,1,5,5,0,0,1,1,0,19,5,5,Dropout
1,8,2,5,1,1,3,3,1,0,1,1,0,18,6,6,Non-Dropout
1,8,1,5,1,1,22,10,0,0,1,1,1,18,6,6,Non-Dropout
1,8,4,7,1,1,1,2,1,0,1,1,0,19,5,5,Dropout
1,1,1,12,1,1,1,10,0,0,1,1,1,19,8,8,Non-Dropout
1,8,2,6,1,1,3,3,0,0,1,1,0,18,5,5,Non-Dropout
1,1,1,11,1,1,22,10,1,0,1,1,0,25,6,6,Non-Dropout
1,8,1,7,1,1,22,10,1,0,1,1,0,18,5,5,Non-Dropout
5,12,1,9,1,1,1,5,0,0,0,1,0,29,5,5,Dropout
1,8,1,7,1,1,13,12,1,0,1,1,0,21,5,5,Dropout
1,1,3,15,1,1,1,5,1,1,1,1,1,18,6,6,Non-Dropout
1,8,1,11,1,1,13,10,0,0,1,1,1,20,6,6,Dropout
1,12,1,17,0,1,13,10,0,0,1,1,0,27,5,5,Dropout
1,1,1,6,1,1,3,5,1,0,1,1,0,21,6,6,Non-Dropout
1,9,2,9,1,1,22,6,1,0,1,1,0,20,5,5,Dropout
1,12,1,9,1,12,23,8,0,1,0,1,0,28,5,5,Dropout
1,12,2,13,1,1,22,10,0,0,1,1,1,24,7,7,Non-Dropout
1,1,5,9,1,1,3,3,0,0,1,1,0,22,5,5,Non-Dropout
1,1,1,6,1,1,22,10,1,0,1,1,0,20,5,5,Non-Dropout
1,15,1,6,1,14,1,5,0,0,1,1,0,21,5,5,Non-Dropout
1,15,1,4,1,14,1,10,1,1,0,1,0,23,6,6,Dropout
1,1,1,10,1,1,13,8,1,0,1,1,0,18,6,6,Non-Dropout
1,1,1,2,1,1,1,5,1,0,1,1,1,20,14,13,Non-Dropout
1,1,1,2,1,1,1,5,1,0,1,1,0,19,0,0,Non-Dropout
2,12,1,12,1,3,1,5,0,0,1,1,0,32,7,8,Non-Dropout
1,1,6,11,1,1,13,10,1,0,1,1,0,20,6,6,Dropout
1,12,1,4,1,1,23,8,0,0,1,1,0,32,18,13,Non-Dropout
1,12,1,4,1,1,23,10,1,0,1,1,0,28,13,10,Non-Dropout
1,15,1,5,1,14,1,6,1,0,1,1,1,21,7,9,Non-Dropout
1,1,1,15,1,1,23,10,0,0,1,1,1,19,6,6,Non-Dropout
1,12,1,17,0,14,13,10,0,0,1,1,0,24,5,5,Dropout
1,8,1,9,1,1,23,10,0,0,1,1,0,18,5,5,Dropout
1,15,1,4,1,14,1,7,1,0,1,1,0,20,6,6,Non-Dropout
1,14,1,2,1,14,23,10,0,0,0,1,0,25,0,0,Dropout
1,8,6,9,1,1,22,10,1,0,1,1,0,25,15,14,Dropout
1,8,4,15,1,1,1,5,1,0,1,1,0,18,6,6,Dropout
1,1,1,9,1,1,13,8,1,0,1,1,0,19,5,5,Dropout
1,1,5,9,1,1,13,10,1,0,1,1,0,18,5,5,Dropout
1,13,1,9,1,1,13,5,0,0,0,1,0,25,5,5,Dropout
1,12,1,2,1,1,19,1,1,0,1,1,0,38,0,0,Dropout
1,15,1,2,1,14,1,2,0,0,1,1,0,19,0,0,Dropout
1,1,4,15,1,1,1,10,1,0,1,1,0,19,6,6,Non-Dropout
1,15,1,6,1,14,23,10,1,0,1,1,1,22,6,6,Non-Dropout
1,1,6,7,1,1,2,4,1,0,1,1,0,18,5,5,Non-Dropout
1,4,1,17,0,3,13,4,0,0,0,1,0,32,5,5,Dropout
1,14,1,16,1,1,2,3,0,0,1,1,0,37,21,19,Non-Dropout
1,8,1,7,1,1,22,10,1,0,1,1,0,21,5,5,Dropout
1,1,1,11,1,1,1,5,1,0,1,1,0,18,6,6,Dropout
1,1,3,5,1,1,28,15,1,1,1,1,0,19,6,6,Non-Dropout
1,8,1,14,1,1,1,5,0,0,1,1,1,19,6,6,Non-Dropout
1,1,1,2,1,1,1,10,1,0,0,0,0,19,12,11,Non-Dropout
1,8,1,15,1,1,13,10,1,0,1,1,1,19,6,6,Non-Dropout
1,6,1,9,1,1,1,10,0,1,1,1,0,21,5,5,Non-Dropout
4,12,1,17,0,1,13,8,0,0,1,0,0,28,5,5,Non-Dropout
1,1,1,15,1,1,1,4,1,1,0,0,0,19,6,6,Dropout
1,12,1,17,0,12,22,10,0,1,1,0,0,28,5,5,Dropout
1,1,1,12,1,1,13,8,0,0,1,0,1,19,8,8,Non-Dropout
2,4,1,3,0,3,13,4,0,0,1,0,0,32,14,11,Non-Dropout
1,12,1,3,0,14,13,10,0,1,0,0,0,26,6,6,Dropout
2,12,1,9,1,9,22,10,0,0,1,0,0,25,5,5,Dropout
2,14,2,16,1,1,23,5,0,0,1,0,0,31,7,6,Dropout
1,8,1,10,1,1,22,10,1,0,1,0,1,20,6,6,Non-Dropout
1,1,4,10,1,1,1,9,1,0,1,0,0,19,6,6,Dropout
1,8,1,2,1,1,22,6,1,0,1,0,0,23,0,0,Dropout
1,1,1,10,1,1,22,10,1,0,1,0,0,18,6,6,Non-Dropout
1,1,2,10,1,1,13,10,1,0,1,0,1,19,6,6,Dropout
1,1,1,11,1,1,23,10,0,0,1,0,0,18,6,6,Non-Dropout
1,1,1,9,1,1,1,5,1,0,1,0,0,21,5,5,Non-Dropout
1,1,2,15,1,1,22,10,1,0,1,0,0,20,6,6,Non-Dropout
1,1,1,6,1,1,1,5,1,0,1,0,0,24,5,5,Non-Dropout
1,1,1,14,1,1,22,10,0,0,1,0,1,18,5,5,Non-Dropout
1,13,1,12,1,1,3,3,1,0,1,0,0,25,14,14,Non-Dropout
1,8,1,6,1,1,2,3,0,0,1,0,0,20,5,5,Non-Dropout
1,8,2,12,1,1,13,6,1,0,1,0,0,18,8,8,Non-Dropout
1,12,1,14,1,1,19,1,1,0,1,0,0,24,5,5,Dropout
1,8,2,12,1,1,1,6,1,0,1,0,0,18,7,7,Non-Dropout
1,8,5,10,1,1,23,10,0,1,0,0,0,21,6,6,Dropout
1,1,1,15,1,1,1,6,1,0,1,0,0,18,6,6,Non-Dropout
1,8,2,11,1,1,10,6,1,0,1,0,0,20,6,6,Dropout
1,8,5,9,1,1,1,5,1,0,1,0,0,19,5,5,Dropout
1,1,1,12,1,1,3,3,1,0,1,0,0,20,7,8,Non-Dropout
1,1,5,12,1,1,23,10,1,0,1,0,0,20,8,8,Non-Dropout
1,15,1,6,1,14,3,5,1,0,1,0,1,20,6,6,Non-Dropout
1,1,3,5,1,1,1,5,1,0,1,0,0,20,6,6,Non-Dropout
1,1,6,16,1,1,23,10,1,0,1,0,0,18,6,6,Dropout
1,1,1,2,1,1,3,5,1,0,1,0,0,18,0,0,Non-Dropout
4,12,1,17,0,1,22,10,0,0,1,0,0,30,5,5,Non-Dropout
1,1,2,6,1,1,4,3,1,0,1,0,0,18,5,5,Non-Dropout
1,12,1,6,1,12,22,5,0,0,1,0,0,35,6,6,Dropout
1,12,1,3,0,1,13,8,0,1,0,0,0,31,6,6,Dropout
1,14,1,11,1,1,22,10,1,1,1,0,0,19,6,6,Dropout
1,1,4,10,1,1,1,5,1,0,1,0,0,19,6,6,Non-Dropout
1,8,4,12,1,1,13,5,1,0,1,0,0,19,7,7,Non-Dropout
1,8,1,12,1,1,3,3,0,0,1,0,0,19,8,8,Non-Dropout
1,1,3,6,1,1,1,10,0,0,1,0,0,21,5,5,Non-Dropout
1,8,3,16,1,1,19,1,0,0,1,0,0,18,6,6,Dropout
1,8,1,10,1,1,22,10,1,0,1,0,0,18,6,6,Non-Dropout
1,1,2,2,1,1,23,5,1,0,1,1,0,19,0,0,Non-Dropout
1,1,1,14,1,1,3,4,1,0,1,1,0,18,6,6,Non-Dropout
1,8,1,6,1,1,13,2,1,0,1,1,0,18,6,6,Non-Dropout
1,12,1,17,0,1,22,10,1,0,0,1,0,25,5,5,Dropout
1,1,1,12,1,1,2,4,1,0,1,1,0,18,7,7,Non-Dropout
1,1,3,2,1,1,1,6,1,0,1,1,0,19,0,0,Non-Dropout
1,1,6,12,1,1,23,4,1,0,1,1,0,18,7,8,Non-Dropout
1,12,1,4,1,1,10,10,0,0,1,1,0,24,6,6,Dropout
1,1,1,10,1,1,22,8,0,0,1,0,0,19,6,6,Non-Dropout
5,4,1,12,1,15,22,5,0,0,1,0,0,29,8,8,Non-Dropout
1,14,1,17,0,1,22,10,1,0,1,0,0,27,5,5,Dropout
1,8,6,12,1,1,23,10,1,0,1,0,0,18,7,8,Non-Dropout
2,14,1,17,0,1,22,10,0,0,1,0,0,28,15,14,Dropout
2,12,1,16,1,12,22,10,0,0,1,0,1,32,7,8,Non-Dropout
1,12,1,17,0,1,22,8,0,0,1,0,0,30,5,5,Dropout
1,4,1,12,1,2,23,8,0,0,1,0,0,29,8,8,Dropout
1,1,2,10,1,1,1,5,0,0,1,0,0,20,6,5,Non-Dropout
1,1,1,12,1,1,1,10,0,0,1,0,0,19,8,8,Non-Dropout
1,12,2,3,0,1,22,10,0,0,1,0,0,29,6,6,Non-Dropout
2,1,1,10,1,1,22,10,0,0,0,0,0,27,6,6,Dropout
1,1,1,10,1,1,13,31,0,0,1,0,0,19,6,6,Dropout
1,8,1,14,1,1,22,9,1,0,1,0,1,21,5,5,Dropout
2,1,1,17,0,1,22,10,0,0,0,0,0,29,5,5,Dropout
2,14,1,9,1,2,22,10,0,1,0,0,0,42,13,12,Dropout
1,1,1,10,1,1,13,10,0,0,1,0,1,18,6,6,Non-Dropout
1,12,1,6,1,1,23,10,1,0,1,0,0,24,5,5,Non-Dropout
2,4,1,12,1,3,22,10,0,0,1,0,0,32,7,8,Non-Dropout
1,1,1,9,1,1,22,5,0,0,1,0,0,18,5,5,Non-Dropout
1,12,1,17,0,1,23,6,0,0,1,0,0,27,5,5,Non-Dropout
1,1,4,12,1,1,23,10,1,0,1,0,0,18,8,8,Non-Dropout
1,8,3,15,1,1,19,13,1,1,1,0,1,19,6,6,Dropout
1,1,2,15,1,1,13,10,1,0,1,0,1,18,6,6,Non-Dropout
1,3,4,16,1,1,3,4,1,0,1,0,0,21,6,6,Non-Dropout
1,12,1,9,1,1,23,8,0,0,1,0,1,26,5,5,Non-Dropout
1,1,1,11,1,1,22,10,1,0,1,0,1,22,6,6,Non-Dropout
2,12,1,17,0,1,22,7,0,1,1,1,0,37,5,5,Dropout
1,4,1,6,1,3,13,12,0,0,1,1,0,24,5,5,Dropout
1,9,2,16,1,1,1,4,1,0,1,1,0,18,6,6,Non-Dropout
1,8,3,12,1,1,1,5,1,0,1,1,1,19,7,8,Non-Dropout
2,12,1,8,1,12,2,9,1,1,0,1,0,28,6,6,Dropout
1,1,4,12,1,1,22,8,1,0,1,1,1,18,8,8,Non-Dropout
1,1,1,5,1,1,1,6,1,0,1,1,0,20,6,6,Non-Dropout
1,1,1,15,1,1,1,5,1,0,1,1,0,18,6,6,Non-Dropout
2,12,1,15,1,1,22,10,0,0,1,1,0,47,6,6,Dropout
2,14,1,17,0,1,22,5,0,0,1,1,0,38,5,5,Non-Dropout
1,1,1,5,1,1,22,10,0,0,1,1,1,20,6,6,Non-Dropout
1,15,1,8,1,14,22,10,1,0,1,1,0,21,6,6,Dropout
1,14,1,5,1,1,13,8,1,0,1,1,1,19,6,6,Non-Dropout
1,14,1,1,1,1,22,10,1,0,1,1,0,25,10,8,Non-Dropout
1,1,1,8,1,1,3,4,1,0,1,0,0,18,5,5,Non-Dropout
4,12,1,12,1,12,22,7,0,1,0,0,0,46,7,7,Dropout
1,14,2,12,1,1,23,10,0,0,1,0,0,23,14,14,Non-Dropout
1,1,1,5,1,1,1,10,1,0,1,0,1,20,6,6,Non-Dropout
1,15,1,5,1,14,3,4,0,0,1,1,0,20,7,9,Non-Dropout
1,1,6,15,1,1,1,6,0,0,1,1,0,19,6,6,Non-Dropout
1,1,2,15,1,1,1,10,1,1,0,0,0,18,6,6,Dropout
1,1,1,12,1,1,22,10,1,0,1,0,1,30,7,8,Dropout
1,1,1,9,1,1,22,8,1,0,1,0,1,20,5,5,Non-Dropout
1,5,1,15,1,1,23,6,1,0,1,0,0,22,6,6,Non-Dropout
